Date,NFLX Close,NFLX Volume,PDD Close,PDD Volume,NVDA Close,NVDA Volume,NFLX EMA12,NFLX EMA26,PDD EMA12,PDD EMA26,NVDA EMA12,NVDA EMA26,NFLX Cross Short,NFLX Cross Long,PDD Cross Short,PDD Cross Long,NVDA Cross Short,NVDA Cross Long,NFLX Real,NFLX Predicted,PDD Real,PDD Predicted,NVDA Real,NVDA Predicted,NFLX LSTM Sig,PDD LSTM Sig,NVDA LSTM Sig
2019-08-21 16:00:00,297.81,5689746,30.11,42238412,171.23,10697773,323.4137942450225,337.753627301162,22.812912558471137,22.27335647294395,161.72875232397442,161.90817211349932,0.0,0.0,0.0,1.0,0.0,0.0,354.64,323.45807,24.41,25.844803,149.87,151.18695,0.0,0.0,0.0
2019-08-22 16:00:00,296.93,4977042,30.59,20527852,171.48,7593918,321.9272114209451,336.663520203933,23.249454411385482,22.495434537371843,162.27610732810976,162.16376717455435,0.0,0.0,0.0,1.0,0.0,1.0,351.39,326.94843,25.14,26.4298,148.84,153.20126000000002,0.0,1.0,0.0
2019-08-23 16:00:00,291.44,6331189,29.49,11150581,162.44,14237433,320.2159200640554,335.4564009352628,23.599745278615647,22.68213549978784,162.28530686128423,162.17114046094892,0.0,0.0,0.0,1.0,0.0,1.0,353.18999999999994,332.85352,24.54,26.421021999999997,151.72,154.94188,0.0,0.0,0.0
2019-08-26 16:00:00,294.98,4696982,30.61,8921197,165.45,7964854,318.7993994625348,334.37640895313086,23.993238767640147,22.893666908159638,162.46294464968676,162.2586270440168,0.0,0.0,0.0,1.0,0.0,1.0,339.1,339.51877,24.989999999999995,25.948774,156.93,156.30083,0.0,0.0,0.0
2019-08-27 16:00:00,291.03,6314559,30.87,7329734,161.8,7288739,317.24068028733984,333.2202726176568,24.379237017641117,23.10641183291896,162.4257330225879,162.24639453380837,0.0,0.0,0.0,1.0,0.0,1.0,325.16000000000014,342.67834,25.17,25.37816,148.77,156.88548,0.0,0.0,0.0
2019-08-28 16:00:00,291.77,3958043,30.93,9671792,161.22,6395703,315.8109974441776,332.1151131684627,24.746934830963994,23.315006658559977,162.35805458619038,162.2190284986534,0.0,0.0,0.0,1.0,0.0,1.0,321.99,347.7482,26.670000000000005,25.520854999999997,149.29,157.08063,0.0,0.0,1.0
2019-08-29 16:00:00,296.78,4392532,33.61,15964578,167.0,8959326,314.74278260250065,331.17333226047555,25.24442098659429,23.589397407801346,162.6186081908992,162.3464549387537,0.0,0.0,0.0,1.0,0.0,1.0,326.67,343.0467,28.74,25.775082,157.84,157.53543,1.0,0.0,0.0
2019-08-30 16:00:00,293.75,4447990,32.77,8084712,167.51,7272712,313.5644576376367,330.1762389458798,25.666831764358278,23.83400196104978,162.89316203117517,162.4840305085706,0.0,0.0,0.0,1.0,0.0,1.0,338.05,337.41823999999997,29.500000000000004,25.888583999999998,160.15,158.66707,0.0,0.0,0.0
2019-09-03 16:00:00,289.29,3684177,33.25,7293116,164.17,7412770,312.20193812208885,329.0872475164271,26.092473188153647,24.084793949467524,162.964830641724,162.52893574744365,0.0,0.0,0.0,1.0,0.0,1.0,335.66,329.52124,29.000000000000004,26.54924,138.01,159.25628999999998,0.0,0.0,0.0
2019-09-04 16:00:00,291.52,4653665,34.0,6748999,168.76,5703009,311.04107059928833,328.08698379992967,26.536318973174296,24.348795746501153,163.2901107899112,162.69484376304345,0.0,0.0,0.0,1.0,0.0,1.0,328.9,325.97700000000003,30.19,27.381289000000002,131.6,157.68506000000002,0.0,0.0,0.0
2019-09-05 16:00:00,293.25,8972356,34.87,4860269,179.74,17412125,310.0424699597682,327.1597114492449,27.004082796408063,24.62884357889116,164.21343183422692,163.14854268779544,0.0,0.0,0.0,1.0,0.0,1.0,340.66,327.53516,28.82,28.579874,137.39,158.15857,0.0,0.0,0.0
2019-09-06 16:00:00,290.17,5166556,34.98,7478209,178.65,9424419,308.92704584447864,326.17544424615414,27.45176395574308,24.904279730734075,165.0237436025539,163.56102430591918,0.0,0.0,0.0,1.0,0.0,1.0,339.49999999999994,331.2553,29.21,29.534374,143.75,157.7287,0.0,0.0,0.0
2019-09-09 16:00:00,294.34,8232744,34.98,5788327,180.5,10438133,308.108290702426,325.32858374763015,27.874315721024196,25.172305815881277,165.89240917337816,164.01162110896232,0.0,0.0,0.0,1.0,0.0,1.0,339.85,334.34833,28.96,29.781109999999998,144.73,153.26993000000002,0.0,0.0,0.0
2019-09-10 16:00:00,287.99,12320248,34.85,5620383,183.18,8820305,306.97907640676544,324.3356250595144,28.26585208593438,25.429668296097397,166.86273985343925,164.5213728575984,0.0,0.0,0.0,1.0,0.0,1.0,351.34,333.7604,29.93,29.693626000000002,149.18,146.66218999999998,0.0,0.0,0.0
2019-09-11 16:00:00,288.27,7405949,36.67,6534204,184.33,9037782,305.92896273805474,323.3767929406698,28.737564874238313,25.728501077905126,167.84315215365285,165.04800030140424,0.0,0.0,0.0,1.0,0.0,1.0,355.81,334.73562999999996,30.33,29.868291999999997,149.95,147.096,0.0,0.0,0.0
2019-09-12 16:00:00,288.86,5010927,36.16,6520453,184.27,8196025,304.9709090609676,322.4593931835066,29.154174329323865,26.005753214116837,168.76516494515405,165.55888953395822,0.0,0.0,0.0,1.0,0.0,1.0,352.19,339.74588,28.0,29.507732,153.0,150.65913,0.0,0.0,0.0
2019-09-13 16:00:00,294.15,6583124,35.9,4994110,181.94,8114787,304.3635503312142,321.7071798439517,29.532805744429144,26.26865480190242,169.5046454304384,165.99415459702072,0.0,0.0,0.0,1.0,0.0,1.0,344.71,341.78738,26.510000000000005,29.717134,147.42,153.5411,0.0,0.0,0.0
2019-09-16 16:00:00,294.29,5307386,34.73,7215282,180.21,5795796,303.7981409929922,320.97886583144225,29.8245144338222,26.49342322475002,170.1055167462695,166.3717864127504,0.0,0.0,0.0,1.0,0.0,1.0,347.57,345.0972,25.95,29.678185,148.17,155.00189,0.0,0.0,0.0
2019-09-17 16:00:00,298.6,4817119,35.43,5927940,181.07,5711828,303.50637987177885,320.3845429987842,30.139138980547333,26.730754806401084,170.72093097453813,166.76213166080646,0.0,0.0,0.0,1.0,0.0,1.0,345.73,349.0074,26.74,29.606455,146.45,156.53993,0.0,0.0,0.0
2019-09-18 16:00:00,291.56,7841539,34.37,6987467,179.98,6600942,302.8358553090152,319.61923158058977,30.37660809383779,26.933582014218207,171.24062256952604,167.11307514548204,0.0,0.0,0.0,1.0,0.0,1.0,359.97,348.4664,26.95,28.893726,151.17,156.65181,0.0,0.0,0.0
2019-09-19 16:00:00,286.6,8545761,34.62,5109777,176.94,6408569,301.9245736986182,318.74276163842967,30.61478002480136,27.137612029604053,171.56051565456843,167.37392325873475,0.0,0.0,0.0,1.0,0.0,1.0,351.77,346.0629,27.01,27.629859999999997,152.88,156.44891,0.0,0.0,0.0
2019-09-20 16:00:00,270.75,23954192,34.08,6618207,172.69,8931295,300.17481938540334,317.4691327139171,30.80927453999375,27.32184868993419,171.6239109113644,167.51500097277864,0.0,0.0,0.0,1.0,0.0,1.0,359.06999999999994,345.0177,27.03,27.084408000000003,154.53,155.0972,0.0,0.0,0.0
2019-09-23 16:00:00,265.92,13610294,33.82,5839989,174.84,6395647,298.2521819402429,316.10144050478004,30.978259039412034,27.494256458070534,171.80442195826888,167.70934651409095,0.0,0.0,0.0,1.0,0.0,1.0,356.87,347.5508,27.52,27.113596,157.34,155.8034,0.0,0.0,0.0
2019-09-24 16:00:00,254.59,16392808,30.99,21279072,172.53,8031045,295.8015371812869,314.4697965253804,30.978918029005577,27.586984068689098,171.84514676738667,167.83721850298454,0.0,0.0,0.0,1.0,0.0,1.0,361.92,349.90344,29.090000000000003,27.486883000000002,156.64,156.78087,0.0,0.0,0.0
2019-09-25 16:00:00,264.75,11846748,32.25,15434711,178.23,7827672,294.0586981126395,313.1512242834011,31.050260433266242,27.710647554878047,172.20351136609918,168.1128357451413,0.0,0.0,0.0,1.0,0.0,1.0,359.91,354.06897000000004,29.33,27.675359999999998,158.55,159.03856000000002,0.0,0.0,0.0
2019-09-26 16:00:00,263.31,7696858,32.65,6859553,177.34,5945648,292.332859374698,311.8297129682462,31.140049357167122,27.841611636110308,172.49180815931328,168.357488683445,0.0,0.0,0.0,1.0,0.0,1.0,356.97,353.16818,28.5,27.931192,155.77,160.34187,0.0,0.0,0.0
2019-09-27 16:00:00,263.08,7367491,31.28,15985077,171.76,9148974,290.6909804021687,310.5374101387549,31.147904384763432,27.932759639677815,172.45073386933322,168.44768562480186,0.0,0.0,0.0,1.0,0.0,1.0,363.02,355.81232,29.38,28.316862,159.19,161.4506,0.0,0.0,0.0
2019-09-30 16:00:00,267.62,6823100,32.22,6584660,174.07,4829977,289.39607440501266,309.3999448018131,31.208077945552557,28.04638688990653,172.541618495259,168.59669712606674,0.0,0.0,0.0,1.0,0.0,1.0,363.91,355.9628,29.01,28.889536,158.69,162.31758,0.0,0.0,0.0
2019-10-01 16:00:00,269.58,8786284,32.75,4403263,174.0,9189150,288.2838581812022,308.3447805460491,31.29462135923563,28.17102504426398,172.62347303097206,168.73987592965418,0.0,0.0,0.0,1.0,0.0,1.0,364.97,357.3589,29.14,29.47268,157.1,162.38171,0.0,0.0,0.0
2019-10-02 16:00:00,268.03,7773299,32.59,5002866,173.04,7391544,287.14707193901245,307.27670805735954,31.36732694471337,28.288098373561617,172.6468513978815,168.8538005040976,0.0,0.0,0.0,1.0,0.0,1.0,362.87000000000006,357.09103,28.56,29.469665999999997,155.41,162.76418999999999,0.0,0.0,0.0
2019-10-03 16:00:00,268.15,9068810,32.95,2985464,181.31,11568265,286.0808265020706,306.2403043724618,31.456157367043073,28.411584663724035,173.13308647117134,169.18374523234945,0.0,0.0,0.0,1.0,0.0,1.0,358.1,357.90576,29.94,29.311653000000003,154.26,162.42722,0.0,0.0,0.0
2019-10-04 16:00:00,272.79,9992774,33.35,3457284,181.97,6699005,285.3348553884162,305.3544199559134,31.562452630003055,28.5423716706265,173.62907385204196,169.52237126452408,0.0,0.0,0.0,1.0,0.0,1.0,357.32,360.15897,29.99,29.562267,156.45,162.96783,0.0,0.0,0.0
2019-10-07 16:00:00,274.46,6796811,31.67,7228267,184.33,12207839,284.72448557956875,304.53636879276206,31.568488909596898,28.625187920175776,174.22968158558268,169.91446141957005,0.0,0.0,0.0,1.0,0.0,1.0,351.04,359.84058,31.14,29.485446999999997,156.78,162.17433,0.0,0.0,0.0
2019-10-08 16:00:00,270.72,6302269,31.25,4794285,177.23,11233566,283.9384607383052,303.641101225527,31.550613194477783,28.694678205769545,174.39807940298437,170.10813580454177,0.0,0.0,0.0,1.0,0.0,1.0,354.3,358.4001,30.78,29.657691999999997,156.52,161.31795,0.0,0.0,0.0
2019-10-09 16:00:00,267.53,6843488,31.78,3270856,180.71,7697082,283.017509713324,302.68524175793766,31.563487894733466,28.776346555597943,174.75234601190834,170.3887667440979,0.0,0.0,0.0,1.0,0.0,1.0,359.61,355.62534,29.99,29.891111,152.05,160.88051000000002,0.0,0.0,0.0
2019-10-10 16:00:00,280.48,10961191,31.94,3030298,183.03,8187889,282.87508806340486,302.0975654629331,31.58462021787888,28.860074720107566,175.21694212054715,170.72332527784863,0.0,0.0,0.0,1.0,0.0,1.0,352.6,353.06436,29.090000000000003,30.563093,149.26,160.91884,0.0,1.0,0.0
2019-10-11 16:00:00,282.93,8817301,32.86,5383090,185.99,11271668,282.8781700779766,301.5903635935854,31.656202815702006,28.965918604305376,175.82159610700725,171.1273038620237,0.0,0.0,0.0,1.0,0.0,1.0,349.6,351.95575,28.46,30.715605,150.64,161.19221000000002,0.0,0.0,0.0
2019-10-14 16:00:00,285.53,5543120,32.84,2815916,186.53,5258394,283.02700787830776,301.1654483548412,31.72264514953566,29.0684166711501,176.42262080593466,171.5348189390414,0.0,0.0,0.0,1.0,0.0,1.0,358.86,350.74622,29.93,30.826753999999998,161.14,160.39621,0.0,0.0,0.0
2019-10-15 16:00:00,284.25,7728161,33.94,5961455,196.37,16699633,283.0956500324743,300.71797697696036,31.847097311399835,29.19728668741532,177.5421955387322,172.1917942941219,0.0,0.0,0.0,1.0,0.0,1.0,356.27,352.1023,30.43,30.325091999999998,162.52,159.31662,0.0,0.0,0.0
2019-10-16 16:00:00,286.28,18413335,33.74,2964963,194.21,10818828,283.2743760275979,300.33609898404217,31.95333906250836,29.317439409987255,178.47769885000335,172.77416592527484,0.0,0.0,0.0,1.0,0.0,1.0,361.21,352.3925,25.120000000000005,29.839783,168.62,158.4013,0.0,0.0,0.0
2019-10-17 16:00:00,293.35,38462343,34.2,3638869,194.29,6607924,283.8398838126287,300.15134609506765,32.07943589323131,29.446562569658834,179.3651852651442,173.34316910044907,0.0,0.0,0.0,1.0,0.0,1.0,358.82000000000005,350.7117,24.390000000000004,29.464129999999997,165.56,159.67737,0.0,0.0,0.0
2019-10-18 16:00:00,275.3,23449638,33.38,4600649,190.49,7690605,283.3605717924448,299.49422369471995,32.15243173522067,29.550571013948147,179.98957987539063,173.79656774678256,0.0,0.0,0.0,1.0,0.0,1.0,361.46,352.1065,24.52,29.17995,169.81,163.0746,0.0,0.0,0.0
2019-10-21 16:00:00,278.05,12633959,34.0,3527931,196.01,6674181,283.0625092650659,298.92726930221033,32.25612883000217,29.668207508685082,180.8887461231393,174.38385890583612,0.0,0.0,0.0,1.0,0.0,1.0,363.44,355.49747,25.83,28.91928,168.95,167.4576,0.0,0.0,0.0
2019-10-22 16:00:00,266.69,11865593,34.37,5342479,195.61,8434228,282.14358209631126,298.07507420365596,32.374772442774635,29.792499813903486,181.71499455742457,174.94497384494883,0.0,0.0,0.0,1.0,0.0,1.0,358.78,355.83414,25.26,27.702717,175.71,169.16426,0.0,0.0,0.0
2019-10-23 16:00:00,271.27,7154430,35.5,4913817,195.09,7144250,281.53328929039964,297.36657022261653,32.550179578906736,29.943358810707952,182.46568274171676,175.4774413591425,0.0,0.0,0.0,1.0,0.0,1.0,375.22,357.48947000000004,24.61,25.67023,174.4,171.16902,0.0,0.0,0.0
2019-10-24 16:00:00,271.5,4911033,39.96,17608504,196.86,5975933,280.9701592104322,296.68295757104346,32.96606440446112,30.208082838065895,183.27358060991534,176.04254865725318,0.0,0.0,0.0,1.0,0.0,1.0,377.87,357.8848,24.829999999999995,25.575642000000002,183.94,171.58104,0.0,0.0,0.0
2019-10-25 16:00:00,276.82,4747829,40.84,13138278,204.54,10577288,280.7372267894591,296.1580745184519,33.40799802383764,30.489033603574825,184.46718266294252,176.79560011992484,0.0,0.0,0.0,1.0,0.0,1.0,361.01,360.38525,23.5,25.804554,177.5,173.96393999999998,0.0,0.0,0.0
2019-10-28 16:00:00,281.86,6248433,42.58,7177179,206.79,8269791,280.80024368838406,295.7802892897069,33.922786866361804,30.808502389384156,185.72007568768106,177.58811530825588,0.0,0.0,0.0,1.0,0.0,1.0,366.23000000000013,362.5764,23.34,26.020982999999998,173.78,175.69623,0.0,0.0,0.0
2019-10-29 16:00:00,281.21,4356181,40.5,7195993,202.92,5280920,280.8232417086196,295.39535577397254,34.291940132468866,31.06454275850852,186.68544021330572,178.25736018326728,0.0,0.0,0.0,1.0,0.0,1.0,359.97,364.42136,23.36,25.564425,176.87,178.41089,0.0,0.0,0.0
2019-10-30 16:00:00,291.45,9345562,40.88,4975231,203.0,5149038,281.4196798756897,295.29113478846,34.66170203390644,31.323829039789675,187.60111231846915,178.9109646878074,0.0,0.0,0.0,1.0,0.0,1.0,353.37,368.3757,23.61,25.152227,176.5,179.03246000000001,0.0,0.0,0.0
2019-10-31 16:00:00,287.41,5090021,40.88,5855985,201.02,5243315,281.755892866908,295.0829684548974,35.01071052027805,31.57623851191253,188.35426144449343,179.49493602481382,0.0,0.0,0.0,1.0,0.0,1.0,354.61,364.587,23.320000000000004,24.889736,177.25,180.27313,0.0,0.0,0.0
2019-11-01 16:00:00,286.81,5594293,41.49,5673820,202.59,7090956,282.0395598212655,294.86447567567427,35.37436729776877,31.838065365465354,189.1532568936855,180.10488694409813,0.0,0.0,0.0,1.0,0.0,1.0,356.56,357.96805,24.8,24.380527,179.56,177.75336000000001,0.0,0.0,0.0
2019-11-04 16:00:00,292.86,5566213,42.53,6707081,210.5,9417905,282.6468679345065,294.8115420418208,35.775984396856686,32.12041498935847,190.3513643704233,180.90755260123777,0.0,0.0,0.0,1.0,0.0,1.0,366.96,357.08563,24.67,24.385754000000002,182.28,177.35915,0.0,0.0,0.0
2019-11-05 16:00:00,288.03,4062370,43.53,7066218,209.61,7521712,282.94900155155693,294.6324749592145,36.21118619988519,32.42168586388895,191.4322743632357,181.66544269285154,0.0,0.0,0.0,1.0,0.0,1.0,367.72,353.83905,24.460000000000004,24.532413000000002,183.0,178.67802,0.0,0.0,0.0
2019-11-06 16:00:00,288.59,3438257,43.49,6516067,207.63,6725335,283.26560807880094,294.472938594544,36.61971670752002,32.71391688052119,192.34138747680547,182.35097157150153,0.0,0.0,0.0,1.0,0.0,1.0,369.75,353.2929,23.51,24.772373,188.62,179.35953999999998,0.0,0.0,0.0
2019-11-07 16:00:00,289.57,5928471,43.31,4819812,208.34,7008498,283.61944810913434,294.3435011469726,36.995215260392314,32.99365319106073,193.23932491649157,183.03708122590118,0.0,0.0,0.0,1.0,0.0,1.0,367.88,356.3931,22.6,24.961952,188.26,180.83327,0.0,0.0,0.0
2019-11-08 16:00:00,291.57,4509588,43.23,4520221,207.78,4735187,284.0656803228859,294.2702875774326,37.345148426644094,33.26386742542291,194.05543400187608,183.6902330756011,0.0,0.0,0.0,1.0,0.0,1.0,365.49000000000007,360.30176,21.6,25.329176,190.95,182.84944,0.0,0.0,0.0
2019-11-11 16:00:00,294.18,3945885,41.92,6269796,208.18,6094736,284.6333558972243,294.26790442380303,37.60191621501983,33.492347293306366,194.84818837105115,184.33664400602248,0.0,0.0,0.0,1.0,0.0,1.0,361.41,364.4623,21.83,24.968126,191.79,184.88753,0.0,0.0,0.0
2019-11-12 16:00:00,292.01,5774833,41.57,4074535,209.61,7095971,285.0473767908734,294.20831194694154,37.82462854488725,33.705539369527116,195.6767085432792,185.00367927394842,0.0,0.0,0.0,1.0,0.0,1.0,364.71,364.53696,22.35,24.433073,189.26,186.71759,0.0,0.0,0.0
2019-11-13 16:00:00,283.11,9233066,41.69,4252182,208.57,7559124,284.93863977209224,293.9154211949029,38.04157600213488,33.91625381780203,196.40035614857945,185.62560785491075,0.0,0.0,0.0,1.0,0.0,1.0,363.92,363.9848,21.95,23.741160999999998,192.1,188.94963,0.0,0.0,0.0
2019-11-14 16:00:00,289.62,6539771,41.32,4478373,209.79,13175171,285.20138527850827,293.8020720320126,38.2255804648614,34.111626609881256,197.15186181855512,186.26326677056014,0.0,0.0,0.0,1.0,0.0,1.0,367.65,362.14627,21.67,23.237820000000003,191.54,189.50072,0.0,0.0,0.0
2019-11-15 16:00:00,295.03,6337779,42.76,6443359,204.19,26355409,285.753024909891,293.8344724219426,38.48007874277527,34.33982458028806,197.54688350391464,186.7362856787928,0.0,0.0,0.0,1.0,0.0,1.0,351.14,360.80792,21.69,22.971610000000002,190.01,190.44106000000002,0.0,0.0,0.0
2019-11-18 16:00:00,302.57,8621566,41.51,8176695,212.28,14382963,286.696892223143,294.06495186626825,38.650135701360156,34.52900354305654,198.3737924461279,187.41023479407605,0.0,0.0,0.0,1.0,0.0,1.0,348.87,359.8274,22.01,23.093943,184.7,190.46136,0.0,0.0,0.0
2019-11-19 16:00:00,302.6,5919710,40.72,9542658,207.99,10384506,287.5894677800915,294.2901245229322,38.76630860951682,34.69233514913123,198.91351033860306,187.95317261145334,0.0,0.0,0.0,1.0,0.0,1.0,359.46,359.67456,22.500000000000004,23.152006,188.21,189.91138999999998,0.0,0.0,0.0
2019-11-20 16:00:00,305.16,5115546,31.4,53943748,211.18,11825438,288.5756287957273,294.57687341248334,38.3528682942817,34.60548287101312,199.60197746932906,188.56589968229355,0.0,0.0,0.0,1.0,0.0,1.0,354.74,357.46896,23.02,22.98455,187.29,190.11876,0.0,0.0,0.0
2019-11-21 16:00:00,311.69,7488373,31.58,15973815,210.18,7209730,289.8729422658687,295.0282872781258,37.9727353807789,34.525676009814816,200.19567785577792,189.13604123573216,0.0,0.0,0.0,1.0,0.0,1.0,360.35,354.75153,23.55,22.995924,186.3,188.96187,0.0,0.0,0.0
2019-11-22 16:00:00,310.48,5970056,33.99,18979304,210.89,5602470,291.0295304894842,295.4358470849739,37.74920105100624,34.51154683106143,200.79590556470848,189.709831299768,0.0,0.0,0.0,1.0,0.0,1.0,377.34,349.91544,24.0,23.21823,188.47,187.58978000000002,0.0,0.0,0.0
2019-11-25 16:00:00,315.55,7878943,36.52,19080962,221.21,12683686,292.4057620013634,295.96634841053105,37.68021113137585,34.56451883902729,201.94166339925064,190.54063343801084,0.0,0.0,0.0,1.0,0.0,1.0,381.89,352.35483,24.43,23.594368,190.67,186.50813,0.0,0.0,0.0
2019-11-26 16:00:00,312.49,5328348,36.98,10320410,217.0,9642023,293.53300622015337,296.40212264582664,37.64091121121809,34.628221734848736,202.78682480786074,191.2384398621856,0.0,0.0,0.0,1.0,0.0,1.0,374.23,357.9033,23.94,24.034931,191.17,187.56007,0.0,0.0,0.0
2019-11-27 16:00:00,315.93,4100975,35.86,7359390,218.24,5410718,294.7900555811613,296.91709287619074,37.540956131439124,34.660704995853386,203.65414674364223,191.95049880193457,0.0,0.0,0.0,1.0,0.0,1.0,368.33,361.19034,23.070000000000004,24.448539999999998,186.91,187.5721,0.0,0.0,0.0
2019-11-29 13:00:00,314.66,2411749,35.95,3424693,216.74,3538924,295.9052721222363,297.384961777151,37.45166244462723,34.69470286510866,204.38860073596112,192.60418179762183,0.0,0.0,0.0,1.0,0.0,1.0,374.85,367.9519,21.92,24.752882,178.09,188.0432,0.0,0.0,0.0
2019-12-02 16:00:00,309.99,6223135,36.04,4865178,209.25,9346742,296.6957886628577,297.7173277929431,37.372431768540565,34.73017527232198,204.66145063140388,193.04309393558708,0.0,0.0,0.0,1.0,0.0,1.0,371.83,373.84167,22.28,24.834646,179.33,188.73668,0.0,0.0,1.0
2019-12-03 16:00:00,306.16,5272447,36.17,4410138,207.66,11853653,297.22697498537383,297.93992828867584,37.304944337580416,34.768137861688125,204.82974657865697,193.4284850127508,0.0,0.0,0.0,1.0,0.0,1.0,370.54,372.7562,22.23,24.643435999999998,181.0,188.16005,0.0,0.0,0.0
2019-12-04 16:00:00,304.32,3513551,35.85,5784923,209.42,6840459,297.62507656596154,298.108136118142,37.22328444786291,34.79666068875041,205.08737814467665,193.85009438449285,0.0,0.0,0.0,1.0,0.0,1.0,378.81,369.01492,23.3,24.098139,180.47,186.00668000000002,0.0,0.0,0.0
2019-12-05 16:00:00,302.86,4618867,36.58,5095126,208.74,4628444,297.91889071299903,298.23340977618284,37.1871796081775,34.84367496453831,205.2923843856265,194.24263781391616,0.0,0.0,0.0,1.0,0.0,1.0,379.06,368.27472,23.13,23.586395,183.19,182.76143000000002,0.0,0.0,0.0
2019-12-06 16:00:00,307.35,4459684,37.52,4023345,212.17,5810457,298.44821900523687,298.47373755834695,37.20585940970076,34.91422713857838,205.67839587346307,194.715231523676,0.0,0.0,0.0,1.0,0.0,1.0,385.03,370.5437,23.96,23.335884,183.01,180.45988,0.0,0.0,0.0
2019-12-09 16:00:00,302.5,5766006,37.52,4276733,212.17,5378320,298.6756283233757,298.57987046036317,37.22349079143931,34.98291571508964,206.04274213747658,195.1753419261299,0.0,1.0,0.0,1.0,0.0,1.0,378.67,370.9397,23.74,23.633846,179.85,181.41783,0.0,0.0,0.0
2019-12-10 16:00:00,293.12,10481239,38.13,3434154,213.98,6417228,298.36381444469805,298.43595503839805,37.27436931244998,35.06586895841486,206.4882267912581,195.67100941884013,0.0,0.0,0.0,1.0,0.0,1.0,370.46,373.33176000000003,22.82,23.914148,173.11,182.1593,0.0,0.0,1.0
2019-12-11 16:00:00,298.93,5607155,37.31,4034444,217.34,5850247,298.39559203859204,298.4489767812069,37.276369111824096,35.125018427641656,207.09729079656114,196.242147764955,0.0,0.0,0.0,1.0,0.0,1.0,364.37,376.7401,23.19,24.348541,173.92,182.12888999999998,0.0,0.0,0.0
2019-12-12 16:00:00,298.44,4771404,38.09,3323872,224.07,10152084,298.39808446894324,298.4487401884143,37.32203475951613,35.20316372873252,208.0498969108659,196.97558095452118,0.0,0.0,0.0,1.0,0.0,1.0,362.75,376.13678,23.13,24.38551,170.19,181.91795,0.0,0.0,0.0
2019-12-13 16:00:00,298.5,3883069,36.46,5731316,223.99,11374183,298.4038045546595,298.4500911303435,37.27365241127481,35.236287393537275,208.94454716730561,197.68754048482273,0.0,0.0,0.0,1.0,0.0,1.0,361.04000000000013,374.14923,22.4,24.517979999999998,168.82,179.97775,0.0,0.0,0.0
2019-12-16 16:00:00,304.21,4660166,38.68,4774409,225.15,8032684,298.72968161357306,298.60188514649883,37.35258472079458,35.32704142781958,209.85409031947748,198.41127364061495,0.0,1.0,0.0,1.0,0.0,1.0,345.26,367.85607999999996,20.75,24.245104,158.45,177.09633,0.0,0.0,0.0
2019-12-17 16:00:00,315.48,10437127,38.71,3864421,228.29,8081598,299.6698056956969,299.0466627237609,37.42877066329332,35.4161902534303,210.88881946710748,199.19864756460788,0.0,1.0,0.0,1.0,0.0,1.0,345.61,361.90167,22.15,23.879045,162.04,174.09596000000002,0.0,0.0,0.0
2019-12-18 16:00:00,320.8,11210737,37.72,4828047,229.51,8606969,300.8557535052032,299.6198879277842,37.44511612557149,35.47689826320546,211.93394701990562,199.99738621161904,0.0,1.0,0.0,1.0,0.0,1.0,354.99,357.21484,22.03,23.782042,159.58,172.50603,0.0,0.0,0.0
2019-12-19 16:00:00,332.22,9833355,37.52,3605308,235.46,11327674,302.6160949815135,300.4789003214251,37.44931903827609,35.53073395890761,213.25436410187203,200.93182547635647,0.0,1.0,0.0,1.0,0.0,1.0,359.31,353.5984,22.86,23.438032,160.19,169.6369,0.0,0.0,0.0
2019-12-20 16:00:00,336.9,9923260,37.36,3584546,239.37,15084607,304.54030434949226,301.43855469228515,37.44430594160297,35.57893302942697,214.72012336175806,201.94462746517715,0.0,1.0,0.0,1.0,0.0,1.0,354.45,349.88968,22.7,23.009647,156.53,167.16783,0.0,0.0,0.0
2019-12-23 16:00:00,333.1,5767937,37.89,2693138,238.82,8884815,306.1432381829375,302.2727629226688,37.469320847024676,35.639824472286975,216.07274658709025,202.91621101002298,0.0,1.0,0.0,1.0,0.0,1.0,348.11,346.398,20.78,22.799603,151.75,164.31923,0.0,0.0,0.0
2019-12-24 13:00:00,333.2,2019322,38.04,1814670,238.62,3471597,307.6618186859898,303.08759342256644,37.501350630968005,35.703061166214674,217.3382276399127,203.8568878690065,0.0,1.0,0.0,1.0,0.0,1.0,354.27,349.08907999999997,21.520000000000003,23.337862,155.06,164.5325,0.0,0.0,0.0
2019-12-26 16:00:00,332.63,3595854,38.57,2353297,239.19,4580451,309.06317602452435,303.86590753664393,37.56132935415891,35.77859255370281,218.56467425897873,204.7877619260592,0.0,1.0,0.0,1.0,0.0,1.0,359.73,352.2786,20.46,23.327297,152.2,163.07307,0.0,0.0,0.0
2019-12-27 16:00:00,329.09,5037156,39.24,3687123,236.87,6370251,310.18719604293307,304.53042732493515,37.65554596147273,35.869782107766824,219.59207394060556,205.63295713313255,0.0,1.0,0.0,1.0,0.0,1.0,352.21,352.17075,20.53,23.317686,147.32,161.91076999999999,0.0,0.0,0.0
2019-12-30 16:00:00,323.31,4315267,38.15,3017111,232.32,6456178,310.9237229033671,305.0251500341498,37.68329755189631,35.92985139649688,220.30643799351927,206.33599156189544,0.0,1.0,0.0,1.0,0.0,1.0,354.39,350.13022,20.28,22.82376,145.15,159.83073000000002,0.0,0.0,0.0
2019-12-31 16:00:00,323.57,3714837,37.82,1963536,235.3,5780283,311.63350432385386,305.513671514145,37.6909700753637,35.97964302031128,221.14796247205135,207.0989818419372,0.0,1.0,0.0,1.0,0.0,1.0,354.78,349.8644,20.23,22.142882999999998,143.33,158.24483,0.0,0.0,0.0
2020-01-02 16:00:00,329.81,4348493,41.23,9296087,239.91,5941969,312.65367321521086,306.15367981456683,37.88960067495907,36.11794671706674,222.20099532093016,207.9632821405884,0.0,1.0,0.0,1.0,0.0,1.0,349.19,352.39224,19.98,22.142385,140.34,157.68756000000002,0.0,0.0,0.0
2020-01-03 16:00:00,325.9,3795466,40.89,4870429,236.07,5144308,313.3971328083731,306.67381490226705,38.058000239439146,36.243646712282036,222.97940315759226,208.70363730658818,0.0,1.0,0.0,1.0,0.0,1.0,351.85,352.52036,19.65,21.728573,139.11,155.2068,0.0,0.0,0.0
2020-01-06 16:00:00,335.83,5668577,40.09,4247573,237.06,6572812,314.65619353409005,307.44178814924754,38.17204768024704,36.344959569691234,223.76968673246878,209.4505432497772,0.0,1.0,0.0,1.0,0.0,1.0,343.28,350.02957000000004,19.42,21.655379999999997,135.46,152.74431,0.0,0.0,0.0
2020-01-07 16:00:00,330.75,4742458,41.21,4842387,239.93,7980144,315.5594699142728,308.0557058412459,38.342554923537605,36.47310043315939,224.67669585438375,210.25334519191148,0.0,1.0,0.0,1.0,0.0,1.0,336.63000000000005,349.82755,19.03,21.480621,133.78,151.08733,0.0,0.0,0.0
2020-01-08 16:00:00,339.26,7109117,40.5,5285223,240.38,6931017,316.8896790538355,308.87757319443773,38.46364306580422,36.579162030698846,225.55805498940202,211.04682938103232,0.0,1.0,0.0,1.0,0.0,1.0,353.4,347.81800000000004,19.28,21.321173,143.0,149.41034,0.0,0.0,0.0
2020-01-09 16:00:00,335.66,4717430,39.66,5648601,243.02,6386053,317.9431766656643,309.58295431358226,38.53078944953867,36.660303480294345,226.53811907138086,211.88892151247137,0.0,1.0,0.0,1.0,0.0,1.0,355.73,344.97754,19.13,21.092054,141.28,147.88058,0.0,0.0,0.0
2020-01-10 16:00:00,329.05,4720540,38.42,10212547,244.32,7911560,318.56655500918333,310.0956513944147,38.52457131304241,36.706648019847854,227.53613976048894,212.74304799558766,0.0,1.0,0.0,1.0,0.0,1.0,357.13,344.21216,19.37,20.876078,143.78,147.15489,0.0,0.0,0.0
2020-01-13 16:00:00,338.92,6296174,39.35,5542346,251.98,8008451,319.70890653092937,310.85476632926645,38.570899082963635,36.776263052390675,228.90806873637246,213.7763881300752,0.0,1.0,0.0,1.0,0.0,1.0,360.87,342.7863,19.78,20.734688000000002,145.5,146.94716,0.0,0.0,0.0
2020-01-14 16:00:00,338.69,7201544,38.02,10491276,247.28,8989483,320.7742338284947,311.58781106545166,38.53997948224405,36.809017037265704,229.9392063742556,214.65871039167206,0.0,1.0,0.0,1.0,0.0,1.0,352.01,345.62296000000003,20.2,20.66408,148.43,148.41699,0.0,0.0,0.0
2020-01-15 16:00:00,339.07,5158035,38.67,6682672,245.57,6577636,321.80109662611767,312.3115381570683,38.54727697562912,36.858024916164126,230.81649570563093,215.47274080895923,0.0,1.0,0.0,1.0,0.0,1.0,351.27,352.46924,20.05,20.800785,150.75,151.33205,0.0,0.0,0.0
2020-01-16 16:00:00,338.62,5015997,39.51,6201051,248.93,7104791,322.74506943833694,313.0043370515824,38.601310484265284,36.92786120751896,231.83312890743963,216.35379392104957,0.0,1.0,0.0,1.0,0.0,1.0,345.56,353.43134,20.41,20.898968,146.2,151.89398,0.0,0.0,0.0
2020-01-17 16:00:00,339.67,6066547,39.43,4863916,249.28,6344764,323.6949930842711,313.7065238238243,38.647821266880676,36.9937500161262,232.81234683320935,217.22083954498447,0.0,1.0,0.0,1.0,0.0,1.0,343.43,353.0118,20.47,21.144924,148.26,153.48445,0.0,0.0,0.0
2020-01-21 16:00:00,338.11,14350322,39.34,4992195,247.94,5447925,324.5040454845044,314.349123917851,38.686670285038936,37.055532216717744,233.66139700543883,218.02974624558334,0.0,1.0,0.0,1.0,0.0,1.0,339.73,351.1217,20.51,21.400038000000002,144.64,154.6785,0.0,0.0,0.0
2020-01-22 16:00:00,326.0,21729959,38.86,4776857,250.05,5980967,324.58800698235297,314.65591080983904,38.69639853702724,37.10304684643506,234.58121885885427,218.8728926373845,0.0,1.0,0.0,1.0,0.0,1.0,350.62,346.39267,20.59,21.57659,145.03,155.47682,0.0,0.0,0.0
2020-01-23 16:00:00,349.6,18200293,38.37,5169364,252.86,6112861,325.9918226362669,315.5760242065222,38.67807919016951,37.13640701110329,235.60712827288228,219.76780772956712,0.0,1.0,0.0,1.0,0.0,1.0,357.12,344.2689,20.89,21.624077,152.88,155.20139,0.0,0.0,0.0
2020-01-24 16:00:00,353.16,17939681,37.34,5301877,250.48,9337839,327.51665562754056,316.56562501092657,38.60297855802954,37.14176769424895,236.44187861998375,220.57647178211036,0.0,1.0,0.0,1.0,0.0,1.0,363.51999999999987,342.4041,20.96,21.788937,153.12,154.01483000000002,0.0,0.0,0.0
2020-01-27 16:00:00,342.88,7709482,36.59,7780108,240.2,11763354,328.3789340839974,317.2584767983446,38.48999872747846,37.12723977050542,236.65280581292924,221.0931550248953,0.0,1.0,0.0,1.0,0.0,1.0,365.21,343.53427,20.95,21.859928,154.1,154.51148999999998,0.0,0.0,0.0
2020-01-28 16:00:00,348.52,6821581,36.96,3040630,247.97,7774401,329.50936549196774,318.0815674027412,38.40412647906275,37.12283648270346,237.28799125011105,221.8008006003246,0.0,1.0,0.0,1.0,0.0,1.0,369.21,347.0325,21.05,21.94601,151.76,154.6804,0.0,0.0,0.0
2020-01-29 16:00:00,343.16,7649183,36.74,1679616,245.54,6486279,330.2755168896642,318.7418477681735,38.310726217915374,37.11275692881907,237.75114100581,222.42582081217,0.0,1.0,0.0,1.0,0.0,1.0,371.04,354.17276,20.75,22.059679,152.66,156.57298,0.0,0.0,0.0
2020-01-30 16:00:00,347.74,5328136,35.93,7195842,245.81,7262590,331.25572319337806,319.5053126297872,38.17710629733286,37.08161724282237,238.20345009145205,223.04148069921598,0.0,1.0,0.0,1.0,0.0,1.0,360.30000000000007,359.1268,20.54,22.182404000000002,151.48,158.99661,0.0,0.0,0.0
2020-01-31 16:00:00,345.09,5230001,35.22,4919030,236.43,9260493,332.0321816263863,320.17889361868345,38.01113664427757,37.032605505245826,238.10391396836624,223.3939670102654,0.0,1.0,0.0,1.0,0.0,1.0,362.2,362.49707,20.45,22.189268,159.26,158.9848,0.0,0.0,0.0
2020-02-03 16:00:00,358.0,6674885,35.79,7039101,240.33,6398205,333.48964352647204,321.1746088531016,37.886473802473034,36.999891464057534,238.22885459798482,223.83984148808918,0.0,1.0,0.0,1.0,0.0,1.0,370.02,363.52835,20.76,22.142246,163.23,159.02115,0.0,0.0,0.0
2020-02-04 16:00:00,369.01,7161451,36.51,6504281,247.13,6788589,335.48324826457304,322.4339450883668,37.80921825194027,36.986994358854815,238.72843758108942,224.45298877999795,0.0,1.0,0.0,1.0,0.0,1.0,367.32000000000005,363.97893999999997,20.63,22.074574,164.23,159.0643,0.0,0.0,0.0
2020-02-05 16:00:00,369.67,6437026,35.72,4952994,250.76,5205502,337.4020034910903,323.6774790810049,37.69195942398057,36.9536395294419,239.40371739278706,225.1455458268975,0.0,1.0,0.0,1.0,0.0,1.0,374.6,362.70956,20.64,21.92502,166.17,160.56177,0.0,0.0,0.0
2020-02-06 16:00:00,366.95,3920428,36.38,5644025,254.25,5457051,339.0604053391343,324.8166480097854,37.618324789137155,36.93853820614522,240.23697532636513,225.9117339106742,0.0,1.0,0.0,1.0,0.0,1.0,375.43,360.7841,20.31,21.865952,162.23,162.67643999999999,0.0,0.0,0.0
2020-02-07 16:00:00,366.77,4385227,34.28,10138767,251.59,4743803,340.6156255928878,325.9210691355796,37.43095899078406,36.86855224270462,240.87417172457648,226.58771373582456,0.0,1.0,0.0,1.0,0.0,1.0,381.72,364.00957999999997,20.09,21.878970000000002,162.75,166.19444,0.0,0.0,0.0
2020-02-10 16:00:00,371.07,5294138,34.5,11215608,262.97,13240194,342.3248985042135,327.1095927723711,37.266456882148276,36.80620125738708,242.1143154300294,227.5454597191201,0.0,1.0,0.0,1.0,0.0,1.0,380.55,367.93967000000004,20.29,21.926188,160.23,167.65594,0.0,0.0,0.0
2020-02-11 16:00:00,373.69,4772870,36.0,8975050,267.89,15963922,344.0852865933275,328.3357781956743,37.19537611070521,36.78497876731253,243.5609936150763,228.60749180828867,0.0,1.0,0.0,1.0,0.0,1.0,376.16000000000014,369.84827,20.04,21.81758,157.21,167.79074,0.0,0.0,0.0
2020-02-12 16:00:00,380.01,4624772,36.81,5151952,272.54,9366118,346.1015860518614,329.69603067262585,37.1737466091821,36.78563741668452,245.1874604492395,229.7639543731776,0.0,1.0,0.0,1.0,0.0,1.0,379.93,373.81793,20.48,21.717491,157.31,167.27641,0.0,0.0,0.0
2020-02-13 16:00:00,381.4,4485383,37.42,6320144,270.78,13200384,348.08273400635136,331.05704397478155,37.18756775146407,36.80233586219101,246.62385947429732,230.84362745101177,0.0,1.0,0.0,1.0,0.0,1.0,381.0,375.42703,19.84,21.569603,160.06,165.53836,0.0,0.0,0.0
2020-02-14 16:00:00,380.4,3736266,37.12,4137624,289.79,26048093,349.89656295431644,332.35588721720774,37.18377546459245,36.81069766196935,249.04658902304186,232.395259209994,0.0,1.0,0.0,1.0,0.0,1.0,379.5,377.10196,19.34,21.518477999999998,166.28,164.76198,0.0,0.0,0.0
2020-02-18 16:00:00,387.78,5180400,36.44,6621501,296.57,15547025,352.02279709766196,333.81478074725857,37.142030551481945,36.800940024120074,251.71387338020304,234.08448993341833,0.0,1.0,0.0,1.0,0.0,1.0,373.25000000000006,376.16254,19.14,21.530434,167.61,163.70905,0.0,0.0,0.0
2020-02-19 16:00:00,386.19,4896368,37.13,4194657,314.7,17358281,353.94045501555814,335.19339940723205,37.141355328450906,36.80960152911177,255.24901334396642,236.20644852465142,0.0,1.0,0.0,1.0,0.0,1.0,366.6,375.3662,19.35,21.398643,167.27,163.74553999999998,0.0,0.0,0.0
2020-02-20 16:00:00,386.0,4079425,36.32,5855585,308.7,20251259,355.7398191645972,336.53070930396797,37.09525619222318,36.796714444309806,258.2489869607568,238.1145931890539,0.0,1.0,0.0,1.0,0.0,1.0,365.99,375.8521,20.12,21.314442,167.08,165.4327,0.0,0.0,0.0
2020-02-21 16:00:00,380.07,3935618,34.57,11404503,294.07,19232331,357.10536739520944,337.67671575061695,36.95352444150329,36.73810464458108,260.2594660979814,239.58740673068684,0.0,1.0,0.0,1.0,0.0,1.0,362.44,373.78485,19.97,20.975903,169.71,167.89203999999998,0.0,1.0,0.0
2020-02-24 16:00:00,368.7,6936418,33.14,15338239,273.28,21422873,357.7561241682265,338.49327450037566,36.73948774504521,36.643399525469185,260.9902525673635,240.47422392305634,0.0,1.0,0.0,1.0,0.0,1.0,325.21,369.8356,20.19,20.843319,170.18,170.1781,0.0,0.0,0.0
2020-02-25 16:00:00,360.09,6481243,32.8,12772638,262.05,26387442,357.88711456268527,339.0617106458681,36.51838127199997,36.54223941154899,261.04973162462005,241.04210866972312,0.0,1.0,0.0,0.0,0.0,1.0,315.1,363.55017000000004,20.05,20.935215,168.44,170.7253,0.0,0.0,0.0
2020-02-26 16:00:00,379.24,8961126,34.53,9453126,267.65,18741536,359.0855600142644,340.119208482172,36.40678199899169,36.48927700677653,261.4201762484577,241.7424318532805,0.0,1.0,0.0,0.0,0.0,1.0,310.62,355.91138,20.14,21.184504999999998,171.32,170.96257,0.0,1.0,0.0
2020-02-27 16:00:00,371.71,10967699,35.18,13402080,252.6,22660373,359.794115430217,340.9506715654189,36.337928011760496,36.4548171074016,260.9251377629833,242.02820079587696,0.0,1.0,0.0,0.0,0.0,1.0,307.3,346.7049,20.99,21.448503,175.66,171.53018,0.0,0.0,0.0
2020-02-28 16:00:00,369.03,11178572,35.78,7468604,270.07,28366882,360.3124858305859,341.6897044205276,36.30661391675984,36.43705628328784,261.4383994720598,242.76624590178076,0.0,1.0,0.0,0.0,0.0,1.0,317.94,333.53042999999997,20.93,21.457710000000002,178.66,172.58505,0.0,0.0,0.0
2020-03-02 16:00:00,381.05,6997891,37.51,9240311,276.43,22268639,361.476393132098,342.7256336549589,36.374154791590776,36.465295242032376,262.2798134030293,243.65224704830774,0.0,1.0,0.0,0.0,0.0,1.0,326.46,318.38928,21.51,21.586927,173.38,173.22751,0.0,0.0,0.0
2020-03-03 16:00:00,368.77,8364623,35.79,6544880,265.89,16319828,361.88575185232617,343.41109091641727,36.34136870067146,36.44752226106801,262.4824376178913,244.2375186973589,0.0,1.0,0.0,0.0,0.0,1.0,335.78,314.913,21.610000000000007,21.702747,175.07,174.11305,0.0,0.0,0.0
2020-03-04 16:00:00,383.79,5487340,36.29,5476673,284.51,14935184,363.11514289642383,344.473804301948,36.33848559689512,36.44337650727834,263.71874975849965,245.2974310605251,0.0,1.0,0.0,0.0,0.0,1.0,332.7,315.48217999999997,21.91,21.981308,174.82,176.14241,0.0,0.0,0.0
2020-03-05 16:00:00,372.78,8746985,36.12,8622447,273.29,13508187,363.65758966985743,345.21877328252583,36.3262229420201,36.43486580984871,264.255942782213,246.03414593980608,0.0,1.0,0.0,0.0,0.0,1.0,325.93,319.0212,21.95,22.380323,175.45,177.57526000000001,0.0,0.0,0.0
2020-03-06 16:00:00,368.97,8147165,36.76,7009142,266.04,12885307,363.9557523642674,345.8438566945764,36.35056897862926,36.44342267267401,264.3560742242477,246.56065885072584,0.0,1.0,0.0,0.0,0.0,1.0,322.9899999999999,325.42712,22.27,22.540842,168.72,177.55315,0.0,0.0,1.0
2020-03-09 16:00:00,346.49,7405458,36.51,9547501,245.44,15353960,362.9754749669759,345.8608616754223,36.35951715466069,36.44517483224364,263.2943965123013,246.53116573034308,0.0,1.0,0.0,0.0,0.0,1.0,319.5,329.22665,22.66,22.834044,164.92,176.04971,0.0,0.0,0.0
2020-03-10 16:00:00,364.13,7604444,37.69,13048060,261.08,14516218,363.04027348055837,346.3416576834925,36.43419142179121,36.47793537960877,263.1701119811089,246.91405305182752,0.0,1.0,0.0,0.0,0.0,1.0,318.83,329.9781,22.99,22.987738,161.19,175.9478,0.0,0.0,0.0
2020-03-11 16:00:00,349.92,6058782,35.06,19562642,246.47,12551693,362.3038890860077,346.4358293558922,36.35706398084024,36.440619400800244,262.232806682682,246.90236685335177,0.0,1.0,0.0,0.0,0.0,1.0,307.63,326.47488,22.17,23.199558,150.79,174.53491,0.0,0.0,0.0
2020-03-12 16:00:00,315.25,12071591,32.81,13354486,216.31,20413535,359.66295712645854,345.615116148773,36.1579825698979,36.34507288644412,259.65535750268305,246.09727171776768,0.0,1.0,0.0,0.0,0.0,1.0,310.1,322.59207000000004,21.96,23.35762,152.35,171.94366000000002,0.0,0.0,0.0
2020-03-13 16:00:00,336.3,9458197,33.76,9429575,240.84,15870943,358.35169505608366,345.3699738601776,36.02339414548281,36.277042528749426,258.59933259537917,245.95891814277434,0.0,1.0,0.0,0.0,0.0,1.0,304.29,319.80862,22.13,23.543955,153.89,167.54903000000002,1.0,0.0,0.0
2020-03-16 16:00:00,298.84,10559940,32.19,8836350,196.4,18174303,355.01156016212053,344.145474062546,35.808242257512305,36.169486423852305,255.10835219249773,244.65470754039947,0.0,1.0,0.0,0.0,0.0,1.0,315.9,316.82587,22.81,23.622448000000002,158.26,164.12125,0.0,0.0,0.0
2020-03-17 16:00:00,319.75,10013913,33.39,6050946,217.27,20840799,353.03248080312454,343.5034796844594,35.67251674466232,36.09634110790123,252.98464860541037,243.93404811638476,0.0,1.0,0.0,0.0,0.0,1.0,308.93,314.28087999999997,22.6,23.544311999999998,154.18,161.09593,0.0,0.0,0.0
2020-03-18 16:00:00,315.47,12593647,31.77,6655381,202.82,21856657,350.924260691365,342.76575361742783,35.453485303935665,35.9824895758726,250.16912314415066,242.8520952030094,0.0,1.0,0.0,0.0,0.0,1.0,310.83,311.33447,22.36,23.275351999999998,151.45,158.71379,0.0,0.0,0.0
2020-03-19 16:00:00,332.03,10615957,33.8,7070303,212.97,19137847,349.86380729553497,342.4832351018044,35.36068230231756,35.92505590728148,248.08129673461332,242.06572794074575,0.0,1.0,0.0,0.0,0.0,1.0,312.28,312.00064,23.78,23.323141,156.05,159.77238,0.0,0.0,0.0
2020-03-20 16:00:00,332.83,10853846,33.57,6836495,205.75,20115854,348.9077731294666,342.2292059134843,35.26017902481258,35.86308156041581,245.70542355076702,241.11006335838036,0.0,1.0,0.0,0.0,0.0,1.0,299.11,312.03058,23.56,23.537598000000003,150.07,160.54005,0.0,0.0,0.0
2020-03-23 16:00:00,360.27,13449378,34.1,5547155,212.69,16096866,349.54548593712633,342.70395358126154,35.19506317809243,35.81668566149393,243.8524101680438,240.36218281982048,0.0,1.0,0.0,0.0,0.0,1.0,295.76,313.95383,23.87,23.811148,148.77,160.76129,0.0,0.0,0.0
2020-03-24 16:00:00,357.32,11638683,36.05,6223022,249.18,27541095,349.98183589221316,343.0885751638123,35.24304709590703,35.82282533343647,244.15142481578832,240.59422387260042,0.0,1.0,0.0,0.0,0.0,1.0,302.8,311.27414,25.01,23.892523,159.56,159.0619,0.0,0.0,0.0
2020-03-25 16:00:00,342.39,8767171,37.26,8268215,245.62,19835767,349.5557388757756,343.0701922853648,35.356249966323475,35.860644323534984,244.23384960911778,240.72647625779862,0.0,1.0,0.0,0.0,0.0,1.0,309.38,310.1107,25.57,24.176952,170.78,158.58563,0.0,0.0,0.0
2020-03-26 16:00:00,342.39,80137,37.01,6215024,245.62,176637,349.1535568482295,343.052293283961,35.44906782546245,35.890889181215854,244.31164825408007,240.85524747472607,0.0,1.0,0.0,0.0,0.0,1.0,298.99,307.88412,25.96,24.806955,167.87,159.64158999999998,0.0,0.0,0.0
2020-03-27 16:00:00,357.12,7948775,35.32,11250393,252.73,15970744,349.60067895399925,343.4224769207928,35.44182380491169,35.875866559718524,244.78413404077767,241.16772477930851,0.0,1.0,0.0,0.0,0.0,1.0,297.81,304.5554,30.11,25.046131,171.23,159.91331,0.0,0.0,0.0
2020-03-30 16:00:00,370.96,8621964,35.63,7140109,265.59,15056253,350.79948554960197,344.14710587341625,35.45238532338512,35.86939676840355,245.95187758868468,241.8103783565002,0.0,1.0,0.0,0.0,0.0,1.0,296.93,305.20535,30.59,25.690315,171.48,163.47377,0.0,0.0,0.0
2020-03-31 16:00:00,375.5,9366464,36.03,9931734,263.6,23749014,352.1858189234341,344.9721276685411,35.48480434465751,35.873622890748095,246.9423906054647,242.38375166905095,0.0,1.0,0.0,0.0,0.0,1.0,291.44,307.05392,29.49,26.695293,162.44,169.27483,0.0,0.0,0.0
2020-04-01 16:00:00,364.08,6672454,35.9,9897258,243.07,16422828,352.85338802198385,345.474929873873,35.50810748655307,35.87431697476081,246.72505001773686,242.40180952333324,0.0,1.0,0.0,0.0,0.0,1.0,294.98,306.2799,30.61,27.690527000000003,165.45,172.42926,0.0,0.0,0.0
2020-04-02 16:00:00,370.08,4592477,36.28,7576249,255.47,16894113,353.82024347382304,346.12238039491507,35.551430485051704,35.88499199762084,247.21586635336936,242.74568201342666,0.0,1.0,0.0,0.0,0.0,1.0,291.03,302.5362,30.87,28.897640000000003,161.8,171.66019,0.0,0.0,0.0
2020-04-03 16:00:00,361.76,4860768,36.9,7498021,243.91,16580346,354.26586777226237,346.5338614379231,35.62711987703925,35.911700445711276,247.03032232949442,242.77631933493765,0.0,1.0,0.0,0.0,0.0,1.0,291.77,301.3839,30.93,30.516372999999998,161.22,171.54515,0.0,0.0,0.0
2020-04-06 16:00:00,379.96,8183921,38.49,7970778,268.4,18197062,355.7079686227361,347.413415786458,35.78780099378345,35.97954419561343,248.2297101924446,243.45056472264736,0.0,1.0,0.0,0.0,0.0,1.0,296.78,300.17492999999996,33.61,30.631332,167.0,169.65846000000002,0.0,0.0,0.0
2020-04-07 16:00:00,372.28,7046438,40.63,11648411,259.03,19613047,356.63808528570024,348.067735429982,36.05957274454477,36.1019126141312,248.8358838887261,243.8605096692247,0.0,1.0,0.0,0.0,0.0,1.0,293.75,299.01382,32.77,30.632929999999998,167.51,167.0712,0.0,0.0,0.0
2020-04-08 16:00:00,371.12,6908879,39.71,6820556,266.95,13561113,357.45089271233854,348.6743109031667,36.26445548568583,36.1968524109016,249.85255111765912,244.4680646658474,0.0,1.0,0.0,1.0,0.0,1.0,289.29,299.58936,33.25,31.357079,164.17,167.57895,0.0,0.0,0.0
2020-04-09 16:00:00,370.72,7711296,41.04,7673054,262.95,13156195,358.19563048727264,349.2543969523869,36.53248620686298,36.32428967713584,250.58765444650302,244.95437801277166,0.0,1.0,0.0,1.0,0.0,1.0,291.52,298.97406,34.0,31.863998,168.76,167.114,0.0,0.0,0.0
2020-04-13 16:00:00,396.72,11692922,41.42,4847495,269.85,9960182,360.3578372274614,350.50334767553943,36.80680128067087,36.458371847888685,251.66876684144717,245.60945038282227,0.0,1.0,0.0,1.0,0.0,1.0,293.25,299.52777000000003,34.87,32.506733000000004,179.74,168.20311,0.0,0.0,0.0
2020-04-14 16:00:00,413.55,11580983,43.03,6797037,283.95,13273667,363.34328395270865,352.16226962937844,37.15608258958534,36.63128853437505,253.48057325797242,246.61829029956937,0.0,1.0,0.0,1.0,0.0,1.0,290.17,299.8946,34.98,33.504196,178.65,170.35033,0.0,0.0,0.0
2020-04-15 16:00:00,426.75,13561222,43.89,5098384,280.84,9153721,366.90202950486605,354.1248570037395,37.534028336137396,36.82228315783093,255.01613990291818,247.51874798950558,0.0,1.0,0.0,1.0,0.0,1.0,294.34,298.45752000000005,34.98,33.517654,180.5,171.32066,0.0,0.0,0.0
2020-04-16 16:00:00,439.17,16128666,45.12,8685382,294.7,18640510,370.95811905594263,356.3625931138983,37.95979621352131,37.04061544531277,257.2434238460448,248.76019679688815,0.0,1.0,0.0,1.0,0.0,1.0,287.99,297.79733,34.85,34.060577,183.18,172.98901,0.0,0.0,0.0
2020-04-17 16:00:00,422.96,12616258,44.46,9363255,292.32,13478049,373.8767603901812,358.1149173956569,38.32462462179755,37.23583577473369,259.2121208079226,249.90635104568625,0.0,1.0,0.0,1.0,0.0,1.0,288.27,298.49712999999997,36.67,34.596287,184.33,177.1427,0.0,0.0,0.0
2020-04-20 16:00:00,437.49,12655818,50.11,18304594,287.05,11234705,377.44709721400926,360.20344015822303,38.98608692042473,37.57458169034438,260.7745409233951,250.88367735238796,0.0,1.0,0.0,1.0,0.0,1.0,288.86,298.43445,36.16,35.01249,184.27,181.0292,0.0,0.0,0.0
2020-04-21 16:00:00,433.83,23177550,50.94,11537757,269.51,18378996,380.61162640945184,362.1406981034689,39.65700851315795,37.92625183312379,261.26482457176337,251.3737721173389,0.0,1.0,0.0,1.0,0.0,1.0,294.15,297.59137000000004,35.9,35.188877000000005,181.94,181.64412,0.0,0.0,0.0
2020-04-22 16:00:00,421.42,21123773,52.15,8837041,286.15,12118228,382.90202444167056,363.70044451979174,40.35818625194968,38.30050455743367,262.66152215653193,252.28879802145437,0.0,1.0,0.0,1.0,0.0,1.0,294.29,297.6636,34.73,35.414159999999995,180.21,183.01203999999998,0.0,0.0,0.0
2020-04-23 16:00:00,426.7,13952330,49.17,8326360,284.01,10603988,385.36021593934896,365.3580700552955,40.852755358362714,38.586499483370886,263.85972015664953,253.12343683780333,0.0,1.0,0.0,1.0,0.0,1.0,298.6,296.4463,35.43,35.693165,181.07,183.91261,0.0,0.0,0.0
2020-04-24 16:00:00,424.99,8670362,49.57,4514840,289.59,8816137,387.58446482196433,366.92708069156527,41.342016708461735,38.87549279869785,265.30384980679764,254.08292994028628,0.0,1.0,0.0,1.0,0.0,1.0,291.56,297.52443999999997,34.37,36.14033,179.98,183.78067,0.0,1.0,0.0
2020-04-27 16:00:00,421.38,6277480,51.19,4717569,297.08,11984699,389.4812624733384,368.3598171755859,41.89474154266708,39.199505615166025,267.0873080872674,255.21424616286757,0.0,1.0,0.0,1.0,0.0,1.0,286.6,298.9604,34.62,35.698223,176.94,182.95576,0.0,0.0,0.0
2020-04-28 16:00:00,403.83,10101233,48.06,6675599,291.36,11072603,390.2865952336673,369.29308599904704,42.24077091301129,39.432637291164234,268.44962961153897,256.16529017985755,0.0,1.0,0.0,1.0,0.0,1.0,270.75,300.40152,34.08,35.31582,172.69,181.71237,0.0,0.0,1.0
2020-04-29 16:00:00,411.89,9693137,48.86,4901035,298.46,9479047,391.4991011809812,370.41386425107385,42.6122796969931,39.6806830321725,270.13398228514205,257.2781170607236,0.0,1.0,0.0,1.0,0.0,1.0,265.92,299.50784,33.82,34.864357,174.84,180.78061,0.0,0.0,0.0
2020-04-30 16:00:00,419.85,7953975,47.44,4776970,292.28,9397943,393.09031487120296,371.7145858373569,42.88323881852729,39.884839585308534,271.3769427569327,258.1990568552677,0.0,1.0,0.0,1.0,0.0,1.0,254.59,297.1775,30.989999999999995,34.842620000000004,172.53,180.01743000000002,0.0,0.0,0.0
2020-05-01 16:00:00,415.27,8299858,45.43,5553301,282.78,8552445,394.3351649494031,372.86057443964893,43.02617754094392,40.03073856836924,272.01694718523373,258.84580723565125,0.0,1.0,0.0,1.0,0.0,1.0,264.75,291.3837,32.25,34.28477,178.23,178.37239,0.0,0.0,0.0
2020-05-04 16:00:00,428.15,7799058,46.37,4830902,291.29,7938880,396.2330458165809,374.31529169893474,43.21385187556026,40.1975305529532,273.0986605259767,259.6994447386558,0.0,1.0,0.0,1.0,0.0,1.0,263.31,285.73447000000004,32.65,33.970764,177.34,176.68376,0.0,0.0,0.0
2020-05-05 16:00:00,424.68,6286293,48.72,9004922,293.74,9222391,397.82965067891394,375.6404301103614,43.52288822481308,40.421763989529126,274.257169895971,260.59508076723074,0.0,1.0,0.0,1.0,0.0,1.0,263.08,279.95612,31.28,33.338097,171.76,175.9151,0.0,0.0,0.0
2020-05-06 16:00:00,434.26,6660737,49.2,4172249,297.79,8086639,399.8743290818758,377.1827554564349,43.84152002643588,40.652726037156796,275.5779661653175,261.5737073041682,0.0,1.0,0.0,1.0,0.0,1.0,267.62,277.78134,32.22,32.70966,174.07,176.70648,0.0,0.0,0.0
2020-05-07 16:00:00,436.53,5650281,50.05,4682762,304.87,9343263,401.93165381393334,378.74422104195685,44.1899752334522,40.899974582620935,277.22200170336464,262.7128616414113,0.0,1.0,0.0,1.0,0.0,1.0,269.58,276.75394,32.75,31.917467,174.0,176.77121,0.0,0.0,0.0
2020-05-08 16:00:00,435.55,5054308,54.6,7446419,312.5,8497678,403.81850660676565,380.23881390974384,44.7742450305297,41.2604301674733,279.20200361193946,264.0227900195299,0.0,1.0,0.0,1.0,0.0,1.0,268.03,279.3563,32.59,32.376637,173.04,177.73096,0.0,0.0,0.0
2020-05-11 16:00:00,440.52,5486037,54.94,4830142,322.62,11726504,405.8784031559057,381.82484151579564,45.34480501719432,41.620346366879474,281.63886850929066,265.5645113872464,0.0,1.0,0.0,1.0,0.0,1.0,268.15,279.61072,32.95,32.379677,181.31,176.43733,0.0,0.0,0.0
2020-05-12 16:00:00,431.82,4598211,57.83,11057332,312.1,12326482,407.33439311347587,383.14023446007235,46.04554516910249,42.04682894368563,283.34852045605567,266.78887901074387,0.0,1.0,0.0,1.0,0.0,1.0,272.79,280.5481,33.35,32.182713,181.97,175.34169,0.0,0.0,0.0
2020-05-13 16:00:00,438.27,7014563,59.83,10451572,311.2,15646252,409.0706753177248,384.59071646737164,46.819207173082305,42.51470994040833,284.91170389291324,267.95735000437173,0.0,1.0,0.0,1.0,0.0,1.0,274.46,282.0087,31.67,32.701294,184.33,176.64745,0.0,0.0,0.0
2020-05-14 16:00:00,441.95,9007467,60.84,6802171,321.22,15057809,410.9160500192293,386.0998532207396,47.60613380943681,42.99685279578981,286.9495319729673,269.3587033292341,0.0,1.0,0.0,1.0,0.0,1.0,270.72,282.59906,31.25,32.909259999999996,177.23,177.82486,0.0,0.0,0.0
2020-05-15 16:00:00,454.19,7243998,61.3,7098483,339.63,24691543,413.3448302112759,387.89131629455153,48.37471146345166,43.478411639497196,289.9062594570231,271.20755281905343,0.0,1.0,0.0,1.0,0.0,1.0,267.53,282.83585,31.780000000000005,32.83956,180.71,179.58393999999998,0.0,0.0,0.0
2020-05-18 16:00:00,452.58,7780309,66.46,7802370,350.01,19410086,415.5469310881936,389.5932813965093,49.38976071543908,44.08305930175658,293.2796232137862,273.28085231084,0.0,1.0,0.0,1.0,0.0,1.0,280.48,283.62595,31.940000000000005,32.773716,183.03,182.33176,0.0,0.0,0.0
2020-05-19 16:00:00,451.04,4810487,63.09,9726052,352.22,17933049,417.5390039805797,391.2099455600263,50.15869606351485,44.583132219941604,296.58769237947575,275.35774256744,0.0,1.0,0.0,1.0,0.0,1.0,282.93,284.78195,32.86,32.474686,185.99,182.3643,0.0,0.0,0.0
2020-05-20 16:00:00,451.04,23076,60.9,12679880,352.22,192698,419.41927041218247,392.7840709549072,50.761559130980295,45.01242810104885,299.7100938886975,277.37998427296696,0.0,1.0,0.0,1.0,0.0,1.0,285.53,285.068,32.84,31.853884000000004,186.53,182.27103,0.0,0.0,0.0
2020-05-21 16:00:00,436.25,9117325,60.0,12113170,351.01,19026741,420.36390668034227,393.9276540759185,51.28007297558764,45.40674923084233,302.5893363845787,279.3171807170573,0.0,1.0,0.0,1.0,0.0,1.0,284.25,285.397,33.94,31.941181,196.37,181.4192,0.0,0.0,0.0
2020-05-22 16:00:00,429.32,5422334,68.7,25121022,361.05,25969125,420.8665735745869,394.85881982525314,52.25777835479694,46.01959013586256,305.8704813175536,281.4675553228008,0.0,1.0,0.0,1.0,0.0,1.0,286.28,287.57785,33.74,32.376152000000005,194.21,183.96883,0.0,0.0,0.0
2020-05-26 16:00:00,414.77,7881115,64.89,17196390,348.71,19269476,420.5243991917892,395.38267778606706,52.96677047831175,46.51606570106725,308.2748787524698,283.2366865164111,0.0,1.0,0.0,1.0,0.0,1.0,293.35,291.84558,34.2,32.769220000000004,194.29,186.3573,0.0,0.0,0.0
2020-05-27 16:00:00,419.89,10446339,60.32,8977551,341.01,29397306,420.48879310105326,396.0274574598116,53.37947553995134,46.87924272122317,310.11215993516566,284.7566835970352,0.0,1.0,0.0,1.0,0.0,1.0,275.3,293.2172,33.38,33.304190000000006,190.49,188.90237,0.0,0.0,0.0
2020-05-28 16:00:00,413.44,5660160,60.36,7405579,339.48,18403204,420.0931747428356,396.48557469135267,53.771262273763966,47.23391620956503,311.76045014659377,286.19643279813016,0.0,1.0,0.0,1.0,0.0,1.0,278.05,293.98037999999997,34.0,33.565987,196.01,191.06822,0.0,0.0,0.0
2020-05-29 16:00:00,419.73,5270484,66.87,15504652,355.02,18647994,420.07279131074534,397.09712506721314,54.50643793280269,47.75053274290655,314.18842211899965,288.00714989831624,0.0,1.0,0.0,1.0,0.0,1.0,266.69,293.72327,34.37,33.96322,195.61,193.72847,0.0,0.0,0.0
2020-06-01 16:00:00,425.92,3748573,65.76,6250021,352.25,9762775,420.40096991780854,397.8554402217185,55.13805183953713,48.22435265079115,316.32465434114823,289.69734655338027,0.0,1.0,0.0,1.0,0.0,1.0,271.27,293.1563,35.5,33.934948,195.09,192.86673000000002,0.0,0.0,0.0
2020-06-02 16:00:00,427.31,3494801,67.3,10648061,353.01,9783014,420.7887439804155,398.6303729691347,55.82064954012522,48.726222103953546,318.38364458363407,291.36306652512394,0.0,1.0,0.0,1.0,0.0,1.0,271.5,291.07104,39.96,34.077213,196.86,192.80104,0.0,0.0,0.0
2020-06-03 16:00:00,421.97,4316044,68.15,6613197,350.78,9135972,420.8550427865009,399.2444239851343,56.51264280978538,49.23724957392315,320.20191230038057,292.9262889502115,0.0,1.0,0.0,1.0,0.0,1.0,276.82,285.64795,40.84000000000001,34.235878,204.54,192.83876,0.0,0.0,0.0
2020-06-04 16:00:00,414.33,5410529,66.27,6528406,350.66,10606960,420.4888202748719,399.64131523995906,57.0602811891772,49.68536966446931,321.9113934090481,294.4452236598746,0.0,1.0,0.0,1.0,0.0,1.0,281.86,284.90598,42.58,35.22327,206.79,194.95604,0.0,0.0,0.0
2020-06-05 16:00:00,419.6,5099561,69.7,10034014,356.8,12043651,420.43893462598373,400.16641360291317,57.76969409577718,50.211939914497016,323.869540435841,296.0857321088142,0.0,1.0,0.0,1.0,0.0,1.0,281.21,283.37897000000004,40.5,36.59156,202.92,195.76291,0.0,0.0,0.0
2020-06-08 16:00:00,419.49,5851453,68.31,6640242,352.2,9693431,420.38567501782126,400.67480198313564,58.36127600985209,50.688085660062406,325.45960695268394,297.56205442157454,0.0,1.0,0.0,1.0,0.0,1.0,291.45,285.64572000000004,40.88,38.492340000000006,203.0,197.40717,0.0,0.0,0.0
2020-06-09 16:00:00,434.05,6796999,69.38,4868186,361.84,11712221,421.15259464998843,401.552875528828,58.97970946781634,51.179854292924254,327.50148151950924,299.25315340937226,0.0,1.0,0.0,1.0,0.0,1.0,287.41,287.63907,40.88,40.644657,201.02,200.0184,0.0,0.0,0.0
2020-06-10 16:00:00,434.48,4896893,72.8,8028700,374.67,15804537,421.90060443616557,402.41915900193135,59.7553827736392,51.748661172143954,330.1488470416252,301.2373038277372,0.0,1.0,0.0,1.0,0.0,1.0,286.81,290.62683,41.49000000000001,41.139618,202.59,202.56599999999997,0.0,0.0,0.0
2020-06-11 16:00:00,425.56,7462868,71.51,7476954,351.85,14591256,422.1059905275466,403.02797290997876,60.41511874524674,52.268563535288,331.36683916814803,302.5688765806905,0.0,1.0,0.0,1.0,0.0,1.0,292.86,292.93134,42.53,41.364998,210.5,202.23305,0.0,0.0,0.0
2020-06-12 16:00:00,418.07,6461127,73.11,8863837,357.3,14272704,421.8794677849788,403.423713883188,61.12762768172038,52.81688127865221,332.82235564545135,304.00879873461093,0.0,1.0,0.0,1.0,0.0,1.0,288.03,294.42297,43.53,40.72142,209.61,200.9749,0.0,0.0,0.0
2020-06-15 16:00:00,425.5,4471499,77.67,10591153,366.95,10000054,422.0826726441735,404.004518298944,62.056079698729505,53.470741308472796,334.73779314299435,305.6647171003403,0.0,1.0,0.0,1.0,0.0,1.0,288.59,296.666,43.49000000000001,41.12257,207.63,201.46964,0.0,0.0,0.0
2020-06-16 16:00:00,436.13,5514016,78.0,10762001,362.74,13392875,422.871088547622,404.8497052986601,62.950943184887414,54.11607982048869,336.309436250504,307.16630663480413,0.0,1.0,0.0,1.0,0.0,1.0,289.57,295.9039,43.31,41.576263,208.34,202.38835,0.0,0.0,0.0
2020-06-17 16:00:00,447.77,6529568,82.8,9287826,369.44,10207641,424.26855706739735,405.97889039910575,64.06498514207921,54.8707217798335,338.16891191356194,308.8046580764009,0.0,1.0,0.0,1.0,0.0,1.0,291.57,296.39437999999996,43.22999999999999,42.282959999999996,207.78,204.68648000000002,0.0,0.0,0.0
2020-06-18 16:00:00,449.87,4277627,82.42,10402735,368.72,6360238,425.70545564933263,407.1336147029494,65.09517296743651,55.5955114104317,339.8836127319318,310.3809613897916,0.0,1.0,0.0,1.0,0.0,1.0,294.18,297.28387000000004,41.92,42.956802,208.18,206.9614,0.0,0.0,0.0
2020-06-19 16:00:00,453.72,5933651,87.58,21769627,370.45,13104013,427.27779120695845,408.3592466751481,66.35714933970344,56.436984977866494,341.5991722273194,311.96130581425103,0.0,1.0,0.0,1.0,0.0,1.0,292.01,296.4201,41.57,43.2694,209.61,206.20854,0.0,0.0,0.0
2020-06-22 16:00:00,468.04,6272105,81.79,14356494,381.07,9961662,429.5655981935023,409.92937338869626,67.22332869083176,57.10399140686649,343.8144995664606,313.77946997663753,0.0,1.0,0.0,1.0,0.0,1.0,283.11,297.202,41.69,43.045128000000005,208.57,205.68274,0.0,0.0,0.0
2020-06-23 16:00:00,466.26,5948436,83.64,9155451,378.0,9377685,431.6250967168344,411.41136022028314,68.14472565207815,57.802119896884186,345.73318427573895,315.4690300887392,0.0,1.0,0.0,1.0,0.0,1.0,289.62,297.83932000000004,41.32,42.679195,209.79,205.95696999999998,0.0,0.0,0.0
2020-06-24 16:00:00,457.85,4826191,84.5,8697766,369.42,11234272,433.0969874392733,412.6330997505902,69.06267666664307,58.50450600578181,347.06262308938136,316.88840914358786,0.0,1.0,0.0,1.0,0.0,1.0,295.03,298.13614,42.76,42.220085,204.19,206.0549,0.0,0.0,0.0
2020-06-25 16:00:00,465.91,6789555,86.0,5765765,379.6,14774440,434.9386403231909,414.0347429494431,70.01329558055698,59.227875270429,348.88880573297916,318.5382662937157,0.0,1.0,0.0,1.0,0.0,1.0,302.57,297.8226,41.51,41.624355,212.28,206.31444,0.0,0.0,0.0
2020-06-26 16:00:00,443.4,6804726,85.16,8008601,366.2,14802144,435.4135399509335,414.80730209444664,70.86341477712486,59.91011347030961,349.8604084099957,319.792180338402,0.0,1.0,0.0,1.0,0.0,1.0,302.6,296.9018,40.72000000000001,41.54788,207.99,206.50766000000002,0.0,0.0,0.0
2020-06-29 16:00:00,447.24,4843978,87.47,5249371,368.0,8556203,436.07730815003896,415.66056021292223,71.79547078720277,60.635174857253254,350.8785054561322,321.0604594565947,0.0,1.0,0.0,1.0,0.0,1.0,305.16,297.13107,31.399999999999995,41.604946000000005,211.18,206.1074,0.0,0.0,0.0
2020-06-30 16:00:00,455.04,4198545,85.84,7783139,379.91,9197300,437.14160226399105,416.6965758785217,72.5837296426795,61.298277070940635,352.5079180420006,322.6087050955868,0.0,1.0,0.0,1.0,0.0,1.0,311.69,301.26764,31.58,41.227432,210.18,206.17747,0.0,0.0,0.0
2020-07-01 16:00:00,485.64,9705870,85.45,9659274,381.2,8166170,439.8636081718904,418.51037459150217,73.30585791000685,61.933672897637635,354.11828086315455,324.1501547210396,0.0,1.0,0.0,1.0,0.0,1.0,310.48,304.86795,33.99,40.41769,210.89,205.83878,0.0,0.0,0.0
2020-07-02 16:00:00,476.89,6351485,93.0,16876194,384.49,9101352,441.94173986297375,420.04625361896876,74.41120517138494,62.750980647097606,355.82291447541604,325.73760414772,0.0,1.0,0.0,1.0,0.0,1.0,315.55,307.96774,36.52,38.141563,221.21,208.07126,0.0,0.0,0.0
2020-07-06 16:00:00,493.81,7838990,87.0,23647813,393.57,7897343,444.85288161424506,421.986863113824,75.11775993391124,63.38893464897395,357.9414955955292,327.52216903098576,0.0,1.0,0.0,1.0,0.0,1.0,312.49,309.58884,36.98,35.687571999999996,217.0,207.63591,0.0,0.0,0.0
2020-07-07 16:00:00,493.16,5669870,91.0,16222792,394.87,8944993,447.5641518369582,423.85931551672735,76.00916157408578,64.1153380073918,360.01413328759025,329.29398369934773,0.0,1.0,0.0,1.0,0.0,1.0,315.93,311.98187,35.86,32.769690000000004,218.24,209.4796,0.0,0.0,0.0
2020-07-08 16:00:00,502.78,5691682,92.31,9972632,408.64,9137013,450.6631792669926,425.93559125750045,76.92405733490612,64.85709402608113,362.74329347917126,331.3814492332655,0.0,1.0,0.0,1.0,0.0,1.0,314.66,314.31143,35.95,33.910346999999994,216.74,210.76442000000003,0.0,0.0,0.0
2020-07-09 16:00:00,507.76,5840541,90.25,8779838,420.36,12363680,453.8677775753187,428.0882569137168,77.67198502638132,65.52513963058539,365.9770707346749,333.7223286031151,0.0,1.0,0.0,1.0,0.0,1.0,309.99000000000007,314.89288,36.04,35.494877,209.25,213.10095,0.0,0.0,0.0
2020-07-10 16:00:00,548.73,21605587,87.3,6799878,419.17,12441869,459.1919850110079,431.26213939546324,78.21236398444513,66.0979997874511,368.9625604510411,335.97031392241405,0.0,1.0,0.0,1.0,0.0,1.0,306.16,316.01434,36.17,36.42888,207.66,215.52242,0.0,0.0,0.0
2020-07-13 16:00:00,525.5,18399020,88.28,12739733,402.09,11426874,462.9135679280081,433.7413772922036,78.77741697564514,66.68157050095907,370.8218607653369,337.70981045164905,0.0,1.0,0.0,1.0,0.0,1.0,304.32,315.14599999999996,35.85,36.341003,209.42,213.27286,0.0,0.0,0.0
2020-07-14 16:00:00,524.88,15083300,87.33,13783645,415.08,13566855,466.3914765196207,436.13907706192424,79.25743657635938,67.22479502184825,373.30587924996087,339.74528652262387,0.0,1.0,0.0,1.0,0.0,1.0,302.86,314.78946,36.58,35.940998,208.74,211.90103,0.0,0.0,0.0
2020-07-15 16:00:00,523.26,10066652,85.3,6015910,409.09,10099623,469.58326148752155,438.43107581153214,79.59657960175933,67.70032197693203,375.3142876226335,341.56962436503903,0.0,1.0,0.0,1.0,0.0,1.0,307.35,312.53885,37.52,36.01655,212.17,209.23553,0.0,0.0,0.0
2020-07-16 16:00:00,527.39,24498994,83.55,6769029,405.39,8624118,472.82770441891944,440.7714268873272,79.81846803892047,68.11729881596962,377.00230765179396,343.2486249390397,0.0,1.0,0.0,1.0,0.0,1.0,302.5,310.00467000000003,37.52,36.13126,212.17,206.50557,0.0,0.0,0.0
2020-07-17 16:00:00,492.99,24991352,82.47,5320372,408.06,6657116,473.95932711657116,442.1452033773017,79.96728709271522,68.49489250110737,378.74544198174067,344.9536953389824,0.0,1.0,0.0,1.0,0.0,1.0,293.12,308.45975,38.13,36.315067,213.98,206.61208,1.0,0.0,0.0
2020-07-20 16:00:00,502.41,11940306,84.83,6256001,420.43,7121271,475.5561406871532,443.73066004322146,80.24021019692479,68.92463932718195,381.08501645156065,346.9393389825342,0.0,1.0,0.0,1.0,0.0,1.0,298.93,307.57263,37.31,36.56818,217.34,207.72017,0.0,0.0,0.0
2020-07-21 16:00:00,490.1,9127218,82.58,7297732,413.14,6941671,476.3724247875073,444.9505515484302,80.37153250782846,69.28388659058619,382.884124435546,348.6809558373286,0.0,1.0,0.0,1.0,0.0,1.0,298.44,306.8177,38.09,37.139587,224.07,208.6747,0.0,0.0,0.0
2020-07-22 16:00:00,489.82,6954078,80.76,6865281,417.55,9182271,477.12717918921265,446.13098265778393,80.39333551283144,69.58580162967043,384.82977052845143,350.4927713377758,0.0,1.0,0.0,1.0,0.0,1.0,298.5,306.1396,36.46,37.56729,223.99,210.78224,0.0,0.0,0.0
2020-07-23 16:00:00,477.58,7722034,79.05,6022096,405.19,10291532,477.15259406845456,446.9583466721256,80.31793988386153,69.8347867432908,385.97250240169984,351.9317517099412,0.0,1.0,0.0,1.0,0.0,1.0,304.2100000000001,303.49194,38.68,37.607094000000004,225.15,212.51106000000001,0.0,0.0,0.0
2020-07-24 16:00:00,480.45,7746247,78.95,9860729,407.78,11832300,477.3376632427605,447.8394478396004,80.24116331765704,70.07459052256807,387.19646319329826,353.40101201453297,0.0,1.0,0.0,1.0,0.0,1.0,315.48,302.15155,38.71,37.684128,228.29,215.30415,0.0,0.0,0.0
2020-07-27 16:00:00,495.65,7863069,83.44,8596458,416.86,7303255,478.3654557298246,449.09725076418545,80.42070022510045,70.42620853092303,388.86134958512497,355.07049494398217,0.0,1.0,0.0,1.0,0.0,1.0,320.8,304.5312,37.72,37.4947,229.51,218.57085,0.0,0.0,0.0
2020-07-28 16:00:00,502.11,38619,83.77,5910735,451.47,118042,479.69813459724367,450.4919123167129,80.6086819770293,70.77725753696653,392.3753031222468,357.6065770246579,0.0,1.0,0.0,1.0,0.0,1.0,332.22,306.33768,37.52,37.729652,235.46000000000004,221.59734,0.0,0.0,0.0
2020-07-29 16:00:00,484.48,6611769,84.03,4037334,418.62,7112692,479.9665200796742,451.38607162250617,80.80070580262964,71.12591095668894,393.84830477317524,359.2117194039548,0.0,1.0,0.0,1.0,0.0,1.0,336.9,310.13174,37.36,37.58033,239.37,222.80053999999998,0.0,0.0,0.0
2020-07-30 16:00:00,485.8,6608569,84.94,3433005,424.56,7722004,480.2939281497028,452.2914332829851,81.0330265345001,71.48933202437604,395.5720197767164,360.9309020320145,0.0,1.0,0.0,1.0,0.0,1.0,333.1,316.41135,37.89,38.272686,238.82,225.0697,0.0,0.0,0.0
2020-07-31 16:00:00,488.88,5924310,91.8,12582788,424.59,9657150,480.7758273337245,453.25400463633,81.63733032066376,72.02366471119167,397.20067386153806,362.60564443331396,0.0,1.0,0.0,1.0,0.0,1.0,333.2,323.31808,38.04,37.984992999999996,238.62,228.06604,0.0,0.0,0.0
2020-08-03 16:00:00,498.62,5876190,96.03,7144719,440.41,10325456,481.7773437893624,454.4474915855976,82.4451287988559,72.65522250326164,399.6258269899024,364.65251857815815,0.0,1.0,0.0,1.0,0.0,1.0,332.62999999999994,328.23438,38.57,37.5651,239.19,230.8646,0.0,0.0,0.0
2020-08-04 16:00:00,509.64,5607968,94.02,4657815,449.11,7758390,483.3411545198699,455.8994930879142,83.09477640071238,73.21728590485598,402.4031602117773,366.8744213948525,0.0,1.0,0.0,1.0,0.0,1.0,329.09,332.48682,39.24,37.56842,236.87,234.13353999999998,0.0,0.0,0.0
2020-08-05 16:00:00,502.11,4313526,97.46,5061842,451.47,6262493,484.39456887272263,457.11519577452435,83.90103444878717,73.85506148070624,405.15707031971414,369.0999557821136,0.0,1.0,0.0,1.0,0.0,1.0,323.31,332.91818,38.15,37.747124,232.32,235.40712000000002,0.0,0.0,0.0
2020-08-06 16:00:00,509.08,3725861,91.62,6344840,453.42,6107892,485.78005566162545,458.4822812135238,84.33426669577774,74.32241990024475,407.86586042028046,371.31823999167,0.0,1.0,0.0,1.0,0.0,1.0,323.57,331.05447000000004,37.82,38.12086,235.3,234.83359,0.0,0.0,0.0
2020-08-07 16:00:00,494.73,5910348,88.2,7389279,447.98,8562899,486.28237743912365,459.4358823670548,84.55123363448654,74.68750981029676,410.1172940755827,373.3350494688759,0.0,1.0,0.0,1.0,0.0,1.0,329.80999999999995,329.81607,41.23,38.325634,239.91,234.12117,0.0,0.0,0.0
2020-08-10 16:00:00,483.38,4691185,87.53,5482407,446.6,10694898,486.1194795104815,460.06580129485906,84.71841894412621,75.02536847665677,412.1649110210009,375.26249485615944,0.0,1.0,0.0,1.0,0.0,1.0,325.9,328.0297,40.89000000000001,38.60688,236.07,233.30437999999998,0.0,0.0,0.0
2020-08-11 16:00:00,466.93,7329226,87.27,5623192,434.0,8862763,485.0424567835865,460.2463836894892,84.86162818464729,75.34749855721414,413.3904203977045,376.80775305585723,0.0,1.0,0.0,1.0,0.0,1.0,335.83,325.9562,40.09,38.842259999999996,237.06,232.02432000000002,0.0,0.0,0.0
2020-08-12 16:00:00,475.47,5441243,90.11,5413311,457.61,11623573,484.5051960672412,460.6468842582414,85.15619666010886,75.73586818657468,415.8722746960027,378.93348620608367,0.0,1.0,0.0,1.0,0.0,1.0,330.74999999999994,325.17047,41.21000000000001,38.864259999999994,239.93,231.64447,0.0,0.0,0.0
2020-08-13 16:00:00,481.33,3008933,88.85,3559919,457.72,9361489,484.32698600558376,461.19101219384953,85.36351391139411,76.08087256405948,418.2210070415695,381.00618858031487,0.0,1.0,0.0,1.0,0.0,1.0,339.26,326.87417999999997,40.5,39.55526,240.38,233.57275,0.0,0.0,0.0
2020-08-14 16:00:00,482.68,2943487,85.04,6059381,462.56,9160904,484.2345477840103,461.7563405639023,85.34535647075882,76.31656765384895,420.7095634965352,383.15169136980813,0.0,1.0,0.0,1.0,0.0,1.0,335.66,329.41247999999996,39.66,40.780346,243.02,234.74477000000002,0.0,0.0,0.0
2020-08-17 16:00:00,482.35,2423545,89.18,10747755,493.48,15532523,484.1287762443416,462.2981145069724,85.56057847447224,76.65497630264764,424.7938542620122,386.05418681916296,0.0,1.0,0.0,1.0,0.0,1.0,329.05,330.4226,38.42,40.52731,244.32,234.2473,0.0,0.0,0.0
2020-08-18 16:00:00,491.87,3505518,91.59,7033091,490.43,12586155,484.56325774833954,463.0760854480331,85.89898390174514,77.04788376346318,428.47772805470845,388.80008374965865,0.0,1.0,0.0,1.0,0.0,1.0,338.92,333.29303,39.35,40.257329999999996,251.98,235.85455,0.0,0.0,0.0
2020-08-19 16:00:00,484.53,3156218,95.94,12458244,485.54,15565558,484.5613911343552,463.64049022974905,86.46254283166668,77.54489332853848,431.6803872877685,391.345095811781,0.0,1.0,0.0,1.0,0.0,1.0,338.69,332.85776,38.02,40.274784000000004,247.28,238.01976000000002,0.0,0.0,0.0
2020-08-20 16:00:00,497.9,5132480,97.13,12911404,485.64,23034656,485.31002972485066,464.54178129620965,87.06126119721088,78.0601336748552,434.7089076388385,393.82578381133294,0.0,1.0,0.0,1.0,0.0,1.0,339.07,334.58173,38.67,39.583897,245.57,239.82982,0.0,0.0,0.0
2020-08-21 16:00:00,492.31,3921293,84.0,40084658,507.34,24996738,485.7029078677715,465.2723006617621,86.88944580844765,78.21639819529844,438.7853776184995,396.81208747293596,0.0,1.0,0.0,1.0,0.0,1.0,338.62,333.39474,39.51,38.968674,248.93,242.14381,0.0,0.0,0.0
2020-08-24 16:00:00,488.81,4762183,83.16,15597325,508.81,12264105,485.87729554926267,465.89152428827106,86.6801280991219,78.34645317618394,442.71555767905846,399.75849920841824,0.0,1.0,0.0,1.0,0.0,1.0,339.67,333.67474,39.43,38.578297,249.28,243.91962999999998,0.0,0.0,0.0
2020-08-25 16:00:00,490.58,5727721,87.24,16341462,510.0,7226920,486.14123806882736,466.54102194017037,86.71155129437034,78.58042216829878,446.4919432503247,402.65870239398674,0.0,1.0,0.0,1.0,0.0,1.0,338.11000000000007,336.9763,39.34,38.785816,247.94,245.59032000000002,0.0,0.0,0.0
2020-08-26 16:00:00,547.53,20373681,89.25,11227551,510.92,8031073,489.5867245259846,468.67165682430965,86.85402347270228,78.86111437200171,450.1080122181408,405.5068096649682,0.0,1.0,0.0,1.0,0.0,1.0,326.0,336.96387000000004,38.86,38.56794,250.05,243.88537999999997,0.0,0.0,0.0
2020-08-27 16:00:00,526.27,9062912,88.82,7678254,505.13,7940073,491.6455985751353,470.1869369132019,86.96436525655307,79.12310977443248,453.1961591001442,408.127666939389,0.0,1.0,0.0,1.0,0.0,1.0,349.6,336.57248,38.37,39.01607,252.86000000000004,244.20342999999997,0.0,0.0,0.0
2020-08-28 16:00:00,523.89,4417517,89.2,6490529,525.91,13428963,493.45533776734345,471.5997405333483,87.08984179312658,79.38820949448922,457.2772733983611,411.22624823015025,0.0,1.0,0.0,1.0,0.0,1.0,353.16,336.09442,37.34,39.251965000000006,250.48,245.6987,0.0,1.0,0.0
2020-08-31 16:00:00,529.56,4941409,88.94,8205637,534.98,12521030,495.4817367506209,473.1245405341883,87.19368319413877,79.63949494946904,461.6383923355445,414.48192242034577,0.0,1.0,0.0,1.0,0.0,1.0,342.88,336.36847,36.59,39.027440000000006,240.2,246.06337000000002,0.0,0.0,0.0
2020-09-01 16:00:00,556.55,9581907,91.36,10252748,552.84,12811849,498.90923499894615,475.31927000521216,87.42752058846163,79.94783413051036,466.7571452504238,418.12180109003066,0.0,1.0,0.0,1.0,0.0,1.0,348.52,336.82135,36.96,38.649113,247.97,246.04597,0.0,0.0,0.0
2020-09-02 16:00:00,552.84,5886930,90.29,7623274,573.86,21850322,501.9361362523313,477.35865900377496,87.58817921287398,80.21991231265554,472.7683665871929,422.2189086577011,0.0,1.0,0.0,1.0,0.0,1.0,343.16,338.6316,36.74,38.0823,245.54,246.43794,0.0,0.0,0.0
2020-09-03 16:00:00,525.75,9071089,85.76,8139093,520.62,23628151,503.27270572291496,478.6317214594699,87.48557139800722,80.36565899978633,475.4540724018731,424.8076101156141,0.0,1.0,0.0,1.0,0.0,1.0,347.74,346.2126,35.93,37.506434999999996,245.81,245.5798,0.0,0.0,0.0
2020-09-04 16:00:00,516.05,8270118,85.04,8390754,504.9,36592071,503.9898401463054,479.61610806529063,87.34831202240407,80.48862988062643,477.1067453270912,426.9146518851857,0.0,1.0,0.0,1.0,0.0,1.0,345.09,345.36813,35.22,36.914204,236.43,242.90597999999997,0.0,0.0,0.0
2020-09-08 16:00:00,507.02,5572684,81.71,8166460,476.52,19893237,504.1599099507831,480.33703953211915,87.03185788482288,80.5207612345888,477.0738138423265,428.21965106063703,0.0,1.0,0.0,1.0,0.0,1.0,358.0,342.69498,35.79,36.576473,240.33000000000004,240.35492000000002,0.0,0.0,0.0
2020-09-09 16:00:00,500.19,6848127,84.65,6250539,508.6,18404957,503.9370960261979,480.85932369951735,86.89817447393922,80.62939168464538,478.8432427089967,430.33426684748105,0.0,1.0,0.0,1.0,0.0,1.0,369.01,344.2662,36.51,36.472972999999996,247.13,241.88257000000002,0.0,0.0,0.0
2020-09-10 16:00:00,480.67,6240181,83.87,6663596,492.47,17467111,502.63121426979455,480.8543430450147,86.72821610026548,80.71464435210538,479.6080538278927,431.96890963066954,0.0,1.0,0.0,1.0,0.0,1.0,369.67,344.85898,35.72,36.124596000000004,250.76,239.88635,0.0,0.0,0.0
2020-09-11 16:00:00,482.03,5035200,84.74,5492457,486.58,15923172,501.47495695928393,480.88527176218514,86.61662610509818,80.8205418129391,479.99935909875757,433.40559654962493,0.0,1.0,0.0,1.0,0.0,1.0,366.95,349.25797,36.38,35.75938,254.25,238.8898,0.0,0.0,0.0
2020-09-14 16:00:00,476.26,7359126,85.28,5543323,514.89,30043624,500.0597501692117,480.7635919854719,86.54160704626032,80.93785943325703,481.9576203003587,435.5492552419658,0.0,1.0,0.0,1.0,0.0,1.0,366.77,353.84308,34.28,35.703359999999996,251.59,238.20627000000002,0.0,0.0,0.0
2020-09-15 16:00:00,495.99,5336992,82.65,6435188,519.64,18188914,499.83133264374624,481.164162035738,86.3231879260117,80.98290171980474,484.072569760834,437.7614798075033,0.0,1.0,0.0,1.0,0.0,1.0,371.07,361.4396,34.5,35.97465,262.97,242.65157999999997,0.0,0.0,0.0
2020-09-16 16:00:00,483.86,4401412,82.65,4496985,500.58,13939985,498.93493062170927,481.2350830051342,86.11702772901099,81.02675903900474,484.9990606288843,439.41408297102635,0.0,1.0,0.0,1.0,0.0,1.0,373.69,365.34656,36.0,35.970848,267.89,247.21972999999997,0.0,0.0,0.0
2020-09-17 16:00:00,470.2,5379301,81.02,5962877,498.54,19812794,497.3221628904925,480.94477677747676,85.83095354443454,81.02658122510745,485.75905515803765,440.96954222053824,0.0,1.0,0.0,1.0,0.0,1.0,380.01,365.35553,36.81,35.53915,272.54,250.59132000000002,0.0,0.0,0.0
2020-09-18 16:00:00,469.96,6717711,79.81,9860767,487.57,17461548,495.7864426917215,480.65579406870944,85.4930233884357,80.99457593770026,485.86069568199014,442.19548670641234,0.0,1.0,0.0,1.0,0.0,1.0,381.4,365.67105,37.42,35.449898,270.78,254.17426,0.0,0.0,0.0
2020-09-21 16:00:00,487.35,5457539,79.96,6677542,500.69,18026061,495.3129415471194,480.83190226400114,85.1824786478064,80.9673587736108,486.6930005793044,443.73433437204073,0.0,1.0,0.0,1.0,0.0,1.0,380.4,368.11404,37.12,35.042313,289.79,257.954,0.0,0.0,0.0
2020-09-22 16:00:00,491.17,3482324,80.04,4427019,505.51,16161302,495.0804161052642,481.1038722706812,84.8938534991741,80.94296223777853,487.74911760507536,445.35950068624607,0.0,1.0,0.0,1.0,0.0,1.0,387.78,371.88192999999995,36.44,35.714756,296.57,265.61252,0.0,0.0,0.0
2020-09-23 16:00:00,470.61,3726423,76.64,5926872,484.95,16175308,493.7069971823713,480.8278042921811,84.4306002985016,80.82976188085547,487.59201520560345,446.4010293833216,0.0,1.0,0.0,1.0,0.0,1.0,386.19,375.2311,37.13,36.57693,314.7,271.16367,0.0,0.0,0.0
2020-09-24 16:00:00,473.08,3727201,75.29,13385065,493.92,18281008,492.5492927881821,480.62397866393604,83.91757782423923,80.6840244043896,487.94717770153363,447.65113633933765,0.0,1.0,0.0,1.0,0.0,1.0,386.00000000000006,378.6732,36.32,36.965109999999996,308.7,278.0864,0.0,0.0,0.0
2020-09-25 16:00:00,482.88,3769436,74.33,7403325,514.95,14700407,492.0065970845563,480.6833290077878,83.37946842912906,80.51686573119157,489.4627296625888,449.42160306110213,0.0,1.0,0.0,1.0,0.0,1.0,380.07000000000005,380.2399,34.57,37.04645,294.07,286.71463,0.0,0.0,0.0
2020-09-28 16:00:00,490.65,4773497,75.1,7400255,521.4,14345228,491.9304571407706,480.9455274161271,82.91477757290828,80.37436142117511,491.25523091136847,451.315176263924,0.0,1.0,0.0,1.0,0.0,1.0,368.7,381.47393999999997,33.14,36.731705,273.28,299.7478,0.0,0.0,0.0
2020-09-29 16:00:00,493.48,3543193,73.7,6642965,529.03,15575124,492.01742629877504,481.2752782394922,82.39759184813751,80.19877555911813,493.37536578978273,453.35966014173914,0.0,1.0,0.0,1.0,0.0,1.0,360.09,382.6922,32.8,36.29048,262.05,304.71472,0.0,0.0,0.0
2020-09-30 16:00:00,500.03,4634111,74.15,5783266,541.22,17229603,492.4671375049498,481.76866824410126,81.93469008693489,80.0396473438824,496.06067876935333,455.67104679098844,0.0,1.0,0.0,1.0,0.0,1.0,379.24,379.11322,34.53,35.894386,267.65,304.4918,0.0,0.0,0.0
2020-10-01 16:00:00,527.51,8153710,74.43,4414426,544.58,13125059,494.4339422481056,482.97200844815626,81.51348419769046,79.89207153180311,498.7838590216691,458.0100193086187,0.0,1.0,0.0,1.0,0.0,1.0,371.71,374.7916,35.18,34.889614,252.6,291.40817000000004,0.0,0.0,0.0
2020-10-02 16:00:00,503.06,6071165,71.4,5843793,522.49,13812397,494.91808566828274,483.500473220113,80.94585794590675,79.66866638779398,500.1143824777555,459.70632618946837,0.0,1.0,0.0,1.0,0.0,1.0,369.03,369.291,35.78,33.956306,270.07,276.14856000000003,0.0,0.0,0.0
2020-10-05 16:00:00,520.65,4088069,72.07,7996294,545.7,11995457,496.36230704617935,484.4777840617114,80.4476943181485,79.4687645401478,502.6729065930444,461.9686039897177,0.0,1.0,0.0,1.0,0.0,1.0,381.05,365.34332,37.51,33.689696999999995,276.43,264.19852000000003,0.0,0.0,0.0
2020-10-06 16:00:00,505.87,4199034,72.99,7212778,549.46,19610496,496.89593284802856,485.04055947094207,80.02912609872897,79.2983245363675,505.2988643681584,464.270282615994,0.0,1.0,0.0,1.0,0.0,1.0,368.77,366.34427,35.79,34.23567,265.89,260.47726,0.0,0.0,0.0
2020-10-07 16:00:00,534.66,7988683,74.8,6574280,558.56,10452129,499.0154670728849,486.3459219109022,79.73563780236131,79.17998495353633,508.28818221287344,466.7508074714778,0.0,1.0,0.0,1.0,0.0,1.0,383.79,371.70724,36.29,35.294734999999996,284.51,262.00165,0.0,0.0,0.0
2020-10-08 16:00:00,531.79,5386488,73.41,4181713,553.55,9472522,500.8549602599699,487.54144084697435,79.38060703297438,79.02819122016408,510.8285328454714,469.0342750357261,0.0,1.0,0.0,1.0,0.0,1.0,372.78,369.69867,36.12,35.863293,273.29,262.06638,0.0,0.0,0.0
2020-10-09 16:00:00,539.44,4781259,79.54,13997291,550.51,8672273,503.0205721355991,488.906760613723,79.38955307280246,79.04165561407615,513.0556824633343,471.17769519265,0.0,1.0,0.0,1.0,0.0,1.0,368.97,370.96625,36.76,36.300816,266.04,270.68793,0.0,0.0,0.0
2020-10-12 16:00:00,539.81,5391074,84.72,11398293,569.04,10868595,505.08540406055005,490.2458957811521,79.68872807030723,79.19103845791169,516.1978407641475,473.75220431060046,0.0,1.0,0.0,1.0,0.0,1.0,346.49,373.5736,36.51,36.61845,245.44,272.33405,0.0,0.0,0.0
2020-10-13 16:00:00,554.09,5602498,84.65,4634683,569.93,8615078,507.8358206894254,491.9254719806702,79.96718286733608,79.33464986874372,519.213595132376,476.2823977957859,0.0,1.0,0.0,1.0,0.0,1.0,364.13,369.72888,37.69,36.09575,261.08,269.73526,0.0,0.0,0.0
2020-10-14 16:00:00,541.45,9510081,82.66,4377037,563.81,6916178,509.7224396068838,493.22833627119417,80.11831907973028,79.42213136756409,521.7165990075122,478.5850262489546,0.0,1.0,0.0,1.0,0.0,1.0,349.92000000000013,369.71695,35.06,36.374783,246.47,270.79837000000003,0.0,0.0,0.0
2020-10-15 16:00:00,541.94,5113126,82.79,3369633,558.8,6680628,511.530672327677,494.50981594589496,80.2682690076765,79.51073140437575,523.7979303763279,480.69527768772525,0.0,1.0,0.0,1.0,0.0,1.0,315.25,361.45975,32.81,36.460396,216.31,260.90227999999996,0.0,0.0,0.0
2020-10-16 16:00:00,530.79,6347363,84.02,3644208,552.46,6065990,512.6116153305804,495.46425492310766,80.47883748825518,79.62935874375104,525.4066087339304,482.58322423346294,0.0,1.0,0.0,1.0,0.0,1.0,336.3,354.27957000000004,33.76,36.527657,240.84,252.105,0.0,0.0,0.0
2020-10-19 16:00:00,530.72,7567506,84.15,4166828,539.91,7451714,513.627960866381,496.3917433729416,80.68488400748512,79.74828524897364,526.2206215371891,484.09134503118594,0.0,1.0,0.0,1.0,0.0,1.0,298.84,345.7208,32.19,36.099476,196.4,243.43368999999998,0.0,0.0,0.0
2020-10-20 16:00:00,525.42,10047175,89.07,8803088,545.82,5730301,514.289797167643,497.15540241108687,81.15550440581103,79.99351567435158,527.3206501244314,485.7152677450132,0.0,1.0,0.0,1.0,0.0,1.0,319.75,342.6379,33.39,35.513634,217.27,240.38307000000003,0.0,0.0,0.0
2020-10-21 16:00:00,489.05,17405708,90.23,6400443,540.99,5489933,512.8731962038279,496.9421700798715,81.66481670810417,80.26281130034313,528.0878517813956,487.16940406277473,0.0,1.0,0.0,1.0,0.0,1.0,315.47,329.79224,31.77,33.948288,202.82,227.06155,0.0,0.0,0.0
2020-10-22 16:00:00,485.23,6997922,87.77,5905541,534.44,7261986,511.32170281720647,496.63405299707847,82.00747431656755,80.46030613403674,528.444370466114,488.412971909104,0.0,1.0,0.0,1.0,0.0,1.0,332.03,319.43588,33.8,33.114067,212.97,216.10509,0.0,0.0,0.0
2020-10-23 16:00:00,488.28,4927862,86.91,2829657,543.61,5837107,510.02847140960137,496.4142793739084,82.28263194014697,80.6299809720772,529.2955518473218,489.86506358915443,0.0,1.0,0.0,1.0,0.0,1.0,332.82999999999987,320.66623,33.57,33.192165,205.75,215.72995,0.0,0.0,0.0
2020-10-26 16:00:00,488.24,6186087,86.92,2594653,525.65,8422358,508.80557847611755,496.1992351632021,82.54290740985519,80.79545515216277,529.0909427442356,490.8064729848513,0.0,1.0,0.0,1.0,0.0,1.0,360.27,314.77344,34.1,32.8023,212.69,203.51643,0.0,0.0,0.0
2020-10-27 16:00:00,488.93,3627175,90.31,3467292,535.87,6262992,507.6900479732925,496.00800035891535,82.97884081994357,81.04575825572233,529.4714219920869,491.99197800370627,0.0,1.0,0.0,1.0,0.0,1.0,357.32,323.91232,36.05,33.18737,249.18,208.4397,0.0,0.0,0.0
2020-10-28 16:00:00,486.24,5992731,89.99,3965152,505.08,9412952,506.48614928777664,495.7510295309209,83.37234694782364,81.2810581249235,528.1024366681055,492.3362900149285,0.0,1.0,0.0,1.0,0.0,1.0,342.39,329.1856,37.26,33.162495,245.62,206.64459,0.0,0.0,0.0
2020-10-29 16:00:00,504.21,11120689,94.12,8639552,520.96,8002046,506.35839884456067,495.97356313790976,83.97556636243768,81.61881743686648,527.7015625009793,493.0893056982988,0.0,1.0,0.0,1.0,0.0,1.0,342.39,338.78955,37.01,34.20391,245.62,212.99835,0.0,0.0,0.0
2020-10-30 16:00:00,475.74,7813897,89.98,4870273,501.36,10434900,504.63992016481836,495.4412705600051,84.31256932730406,81.83877846847162,526.2231242005693,493.30688621839346,0.0,1.0,0.0,1.0,0.0,1.0,357.12,344.23123,35.32,34.69715,252.73,218.46262000000002,0.0,0.0,0.0
2020-11-02 16:00:00,484.12,4408193,91.62,4416223,503.23,7491316,503.48822554184784,495.1434373270883,84.72270389634117,82.09609701016443,524.9326193012133,493.5679375767647,0.0,1.0,0.0,1.0,0.0,1.0,370.96,350.91263,35.63,35.55117,265.59,230.7814,0.0,0.0,0.0
2020-11-03 16:00:00,487.22,3690213,97.72,11044248,520.78,6822527,502.5751602018599,494.93499228999553,85.45218607344056,82.5071212795325,524.6995506887608,494.28381619446884,0.0,1.0,0.0,1.0,0.0,1.0,375.5,347.87800000000004,36.03,36.445614,263.6,245.05907000000002,0.0,0.0,0.0
2020-11-04 16:00:00,496.95,5137330,110.26,11337363,551.77,10255732,502.2594442192542,494.98800189791154,86.84454168093694,83.23722727972596,526.2188982623734,495.796128057587,0.0,1.0,0.0,1.0,0.0,1.0,364.08,346.9188,35.9,36.60372,243.07,246.35152000000002,0.0,0.0,0.0
2020-11-05 16:00:00,513.76,5372781,113.07,8605124,566.4,7975708,502.90492081699267,495.4818442475287,88.31646355433553,84.0220497848027,528.47409021461,497.6535319323635,0.0,1.0,0.0,1.0,0.0,1.0,370.08,353.5037,36.28,36.14345,255.47,249.94969,0.0,0.0,0.0
2020-11-06 16:00:00,514.73,4236349,114.53,4215915,582.48,9583732,503.5686115137339,495.98821300598246,89.78771630439529,84.82463435820816,531.5052090205724,499.8850949907574,0.0,1.0,0.0,1.0,0.0,1.0,361.76,362.61758,36.9,35.630394,243.91000000000003,254.475,0.0,0.0,0.0
2020-11-09 16:00:00,470.5,10419676,106.14,8765236,545.23,14574447,501.71261296385956,495.317684696671,90.70549946603703,85.38538595279006,532.2755223475945,501.0780010012573,0.0,1.0,0.0,1.0,0.0,1.0,379.96,367.18018,38.49,35.892277,268.4,255.84964,0.0,0.0,0.0
2020-11-10 16:00:00,480.24,8306142,103.09,9735870,510.8,16101680,500.5074478027405,494.92103023813553,91.40058807060105,85.85114805352072,531.0701938953135,501.3337613733773,0.0,1.0,0.0,1.0,0.0,1.0,372.28,366.6017,40.63,36.193344,259.03,251.1,0.0,0.0,0.0
2020-11-11 16:00:00,490.76,5460532,111.46,11958270,536.72,10118586,499.96036559521133,494.8115644246134,92.52643635234176,86.524849913699,531.3872931461548,502.2646806835163,0.0,1.0,0.0,1.0,0.0,1.0,371.12,364.10318,39.71,36.575066,266.95,246.63889,0.0,0.0,0.0
2020-11-12 16:00:00,486.77,5071155,134.21,32111996,538.27,9165875,499.22004726019907,494.60001193625686,94.86595501194721,87.77932126103252,531.773589798938,503.21188628845573,0.0,1.0,0.0,1.0,0.0,1.0,370.72,366.62976000000003,41.040000000000006,37.346745,262.95,252.25687000000002,0.0,0.0,0.0
2020-11-13 16:00:00,482.84,3006510,151.29,29516115,531.88,8669058,498.3007058494125,494.29063686852317,98.03279331818615,89.45012063123593,531.7795621446103,503.96606916423696,0.0,1.0,0.0,1.0,0.0,1.0,396.72000000000014,367.0987,41.42,38.355614,269.85,253.79172999999997,0.0,0.0,0.0
2020-11-16 16:00:00,479.1,3953563,142.03,12832347,540.61,10344370,497.2230530366159,493.89101109634095,100.50216678329254,90.83335920614557,532.2751765385665,504.93007477392763,0.0,1.0,0.0,1.0,0.0,1.0,413.55,372.5744,43.03,39.550297,283.95,262.2861,0.0,0.0,0.0
2020-11-17 16:00:00,480.63,3698082,132.37,18008546,536.89,7800699,496.29175653022526,493.54214874508153,102.29077082592813,91.92607906479648,532.5341866771925,505.77085641413896,0.0,1.0,0.0,1.0,0.0,1.0,426.75,372.84753,43.89,40.493248,280.84,261.4141,0.0,0.0,0.0
2020-11-18 16:00:00,481.79,3629237,132.38,19277258,537.15,12773133,495.47783547764243,493.23298062555006,103.97954949420338,92.99031531082323,532.7932523724684,506.5963591392479,0.0,1.0,0.0,1.0,0.0,1.0,439.17,380.07568,45.12,40.74155,294.7,266.2974,0.0,0.0,0.0
2020-11-19 16:00:00,484.67,2254653,137.66,10866898,537.61,14148355,494.8712382830358,493.00771115047735,105.869887928034,94.16545710567527,533.0635956437028,507.4122463755156,0.0,1.0,0.0,1.0,0.0,1.0,422.96,393.5867,44.46,41.804844,292.32,269.90884,0.0,0.0,0.0
2020-11-20 16:00:00,488.24,4255924,143.55,11635463,523.51,8527245,494.49905547662837,492.8822852338719,107.98471011630663,95.46463429220431,532.5273935218381,507.83573585294266,0.0,1.0,0.0,1.0,0.0,1.0,437.49,413.56985,50.11000000000001,42.661007,287.05,278.05194,0.0,0.0,0.0
2020-11-23 16:00:00,476.62,5416571,141.05,10989090,525.6,9033855,493.4955811993993,492.4544673999588,109.84052223741023,96.66386503590229,532.1385887991001,508.3030667907019,0.0,1.0,0.0,1.0,0.0,1.0,433.83,426.8039,50.94,43.91662,269.51,285.4881,0.0,0.0,0.0
2020-11-24 16:00:00,482.88,3557894,143.94,7031616,518.31,8662499,492.8997744082989,492.2025884355987,111.75437886403309,97.9075753558888,531.3624497481075,508.5663227889613,0.0,1.0,0.0,1.0,0.0,1.0,421.42,434.90646,52.15,45.0957,286.15,286.71918,0.0,0.0,0.0
2020-11-25 16:00:00,485.0,3598629,135.9,9415373,529.39,6497910,492.4563941399731,492.0131073613006,113.10956844601813,98.90705568176412,531.251744650294,509.1141387254216,0.0,1.0,0.0,1.0,0.0,1.0,426.7,437.22882000000004,49.17,46.601997,284.01,289.42657,0.0,0.0,0.0
2020-11-27 13:00:00,491.36,2805762,144.05,6684329,530.45,4181880,492.39485826529534,491.99592583332804,114.84612143291216,100.09464719661933,531.2067461807425,509.675428827219,0.0,1.0,0.0,1.0,0.0,1.0,424.99000000000007,432.72095,49.57,48.105259999999994,289.59,284.82052999999996,0.0,0.0,0.0
2020-11-30 16:00:00,490.7,3530940,138.81,19573293,536.06,7173800,492.29973318024844,491.9618334534782,116.1911105883037,101.11314569386998,531.4791383870788,510.36953708516404,0.0,1.0,0.0,1.0,0.0,1.0,421.38,435.67492999999996,51.19,50.66796,297.08,280.51153999999997,0.0,0.0,0.0
2020-12-01 16:00:00,504.58,5063234,136.54,5092413,535.6,7439282,492.98897159595987,492.2937840046988,117.3332059927004,102.04513242677383,531.7104245774478,511.0332837587596,0.0,1.0,0.0,1.0,0.0,1.0,403.83,430.56592,48.06,50.90289,291.36,278.88097999999997,0.0,0.0,0.0
2020-12-02 16:00:00,503.38,3028358,144.06,9966389,541.78,7084030,493.57217520708116,492.58543297198923,118.83326567617617,103.15043226431692,532.2755864190426,511.8421483923847,0.0,1.0,0.0,1.0,0.0,1.0,411.89,425.14133,48.86,50.689907,298.46,287.1008,0.0,0.0,0.0
2020-12-03 16:00:00,497.52,2826116,145.16,6314129,535.84,4988016,493.79374958699617,492.71524834598426,120.31087173494842,104.25559259875368,532.4756415811607,512.4734682354095,0.0,1.0,0.0,1.0,0.0,1.0,419.85000000000014,424.16898,47.44,49.54926,292.28,289.22055,0.0,0.0,0.0
2020-12-04 16:00:00,498.31,3666243,146.36,5729581,542.33,5056085,494.0472272455277,492.8624314167725,121.77289696286829,105.3632478367813,533.0287242204994,513.2589143642015,0.0,1.0,0.0,1.0,0.0,1.0,415.27,419.56805,45.43,49.621914000000004,282.78,293.40268,0.0,0.0,0.0
2020-12-07 16:00:00,515.78,4289293,146.79,6352500,544.27,5581081,495.266994053706,493.4653317956888,123.17699906554121,106.4530756902805,533.659648549959,514.0747336869422,0.0,1.0,0.0,1.0,0.0,1.0,428.15,414.7628,46.37000000000001,49.341496,291.29,295.18567,0.0,0.0,0.0
2020-12-08 16:00:00,512.66,4228950,157.49,9912914,534.0,6798022,496.24318846697383,493.9702925175668,125.10283982694273,107.79572156816448,533.6787510090223,514.5989145039251,0.0,1.0,0.0,1.0,0.0,1.0,424.68,411.71558,48.72,47.807392,293.74,292.90256,0.0,0.0,0.0
2020-12-09 16:00:00,493.6,4178768,147.57,11109293,517.23,10032530,496.09483769755303,493.9605511058862,126.36382463374687,108.84207709013931,532.7555535531126,514.6681313683448,0.0,1.0,0.0,1.0,0.0,1.0,434.26,418.27103,49.2,47.542637,297.79,293.0367,0.0,0.0,0.0
2020-12-10 16:00:00,501.09,3018203,154.34,6339538,518.89,5194118,496.37519461504456,494.1481079403483,127.93400670471625,110.03900640716108,531.9773398298948,514.7791975009209,0.0,1.0,0.0,1.0,0.0,1.0,436.53,423.1772,50.05,46.812233,304.87,289.5899,0.0,0.0,0.0
2020-12-11 16:00:00,503.22,3210928,147.65,8227533,520.53,5231641,496.75936402183544,494.3867652727268,129.04058037957782,111.0284515350292,531.3348500139754,514.9304858070913,0.0,1.0,0.0,1.0,0.0,1.0,435.55,426.08957000000004,54.6,46.757690000000004,312.5,289.5624,0.0,0.0,0.0
2020-12-14 16:00:00,522.42,5770424,142.12,7699897,532.35,6753947,498.1995848531356,495.12424501565386,129.77467179549893,111.84638736698815,531.3918260046722,515.3887468309753,0.0,1.0,0.0,1.0,0.0,1.0,440.52,433.13242,54.94,48.160683,322.62,296.11133,0.0,0.0,0.0
2020-12-15 16:00:00,519.78,3398209,142.03,5219470,534.42,4837148,499.41080048586844,495.7728722248201,130.46251051428834,112.64043777984861,531.5617843514794,515.8894083859672,0.0,1.0,0.0,1.0,0.0,1.0,431.82,435.5526,57.83,49.938576,312.1,301.44736,0.0,0.0,0.0
2020-12-16 16:00:00,524.83,3682392,145.47,4248451,529.7,5577867,500.8374705296809,496.5372877803383,131.30481617659655,113.50409602701271,531.4572904251143,516.2527282275687,0.0,1.0,0.0,1.0,0.0,1.0,438.27,440.69717,59.82999999999999,51.400833,311.2,308.06366,0.0,0.0,0.0
2020-12-17 16:00:00,532.9,3193377,149.95,5915330,533.65,5784597,502.6370020333668,497.493893731406,132.3512899338617,114.46289053117373,531.5803577570942,516.710404035944,0.0,1.0,0.0,1.0,0.0,1.0,441.94999999999993,441.7363,60.84,53.53931800000001,321.22,314.73932,0.0,0.0,0.0
2020-12-18 16:00:00,534.45,4502692,149.37,4916238,530.88,8551616,504.4225284099008,498.4661102454061,133.30647673359508,115.38120340848145,531.5410496966086,517.0831682847759,0.0,1.0,0.0,1.0,0.0,1.0,454.19,441.99755999999996,61.3,56.43314399999999,339.63,319.59137000000004,0.0,0.0,0.0
2020-12-21 16:00:00,528.91,3893964,146.87,4299854,533.29,7558304,505.79690458358317,499.2670076838274,134.06773879938018,116.2095895553374,531.6392107344722,517.5095267465322,0.0,1.0,0.0,1.0,0.0,1.0,452.58,443.8495,66.46,57.966136999999996,350.01,322.50214,0.0,0.0,0.0
2020-12-22 16:00:00,527.33,1908529,139.02,6044501,531.13,4657872,507.0054643639207,500.0052700318346,134.34568786304484,116.80967050836456,531.6106309320099,517.8678450061028,0.0,1.0,0.0,1.0,0.0,1.0,451.04,444.59875,63.09,60.293224,352.22,322.48975,0.0,0.0,0.0
2020-12-23 16:00:00,514.48,2393187,140.25,5728535,520.37,4478569,507.4249778138809,500.3860614845269,134.67707143987337,117.4263229183466,530.9797427950592,517.9336700154179,0.0,1.0,0.0,1.0,0.0,1.0,451.04,451.57812,60.9,62.02397,352.22,331.21924,0.0,0.0,0.0
2020-12-24 13:00:00,513.97,1143952,152.75,13847661,519.75,2447088,507.79232168259045,500.7434185782962,135.69142697716546,118.35559439353509,530.3494657622786,517.9814527997611,0.0,1.0,0.0,1.0,0.0,1.0,436.25,457.11887,60.0,63.201209999999996,351.01,345.10236000000003,0.0,0.0,0.0
2020-12-28 16:00:00,519.12,2891867,143.8,7478452,516.0,5314141,508.428095413876,501.2268572672013,136.1465262112429,119.02496862610217,529.5440921337199,517.9293260781657,0.0,1.0,0.0,1.0,0.0,1.0,429.32,461.18582000000004,68.7,64.02525,361.05,358.06967000000003,0.0,0.0,0.0
2020-12-29 16:00:00,530.87,4022358,166.19,25217318,517.73,4259304,509.6876627335045,502.00668900426786,137.83273682706692,120.26575435103847,528.8810180926728,517.9240823426015,0.0,1.0,0.0,1.0,0.0,1.0,414.76999999999987,457.476,64.89,65.11320500000001,348.71,364.21286000000003,0.0,0.0,0.0
2020-12-30 16:00:00,524.59,1876286,179.11,23332010,525.83,5634929,510.5240666552361,502.60079543987297,140.1494515932671,121.81378887285771,528.7097776052009,518.1320658646154,0.0,1.0,0.0,1.0,0.0,1.0,419.89,451.4401,60.32,63.560883,341.01,365.73474,0.0,0.0,0.0
2020-12-31 16:00:00,540.73,5392322,177.67,12490032,522.2,4810610,512.2193954253023,503.60387266133614,142.25531816115532,123.28321614534444,528.3444118628196,518.2390823134684,0.0,1.0,0.0,1.0,0.0,1.0,413.44,442.7656,60.36,63.463882,339.48,365.7166,0.0,1.0,0.0
2021-01-04 16:00:00,522.86,4444407,166.78,10987212,524.54,14016045,512.8166066705397,504.11044976216056,143.63178278562364,124.42749995032503,528.130886632177,518.4048425703487,0.0,1.0,0.0,1.0,0.0,1.0,419.73,430.52567,66.87,64.443146,355.02,364.68726000000004,0.0,0.0,0.0
2021-01-05 16:00:00,520.8,3133872,187.2,16165814,536.19,8068998,513.2646801082882,504.54950708049404,146.07707892201438,126.07887611949297,528.5832099091223,518.8727223763303,0.0,1.0,0.0,1.0,0.0,1.0,425.92,423.12045,65.76,66.53689,352.25,363.73227,0.0,0.0,0.0
2021-01-06 16:00:00,500.49,5346210,176.75,11873087,504.58,14510575,512.5476924069388,504.44271233787,147.79861769957688,127.41189747553254,527.2360132551269,518.4967191874426,0.0,1.0,0.0,1.0,0.0,1.0,427.31,418.09885,67.3,64.09673000000001,353.01,356.5345,0.0,0.0,0.0
2021-01-07 16:00:00,508.89,3686448,180.12,8604167,533.76,11537037,512.3424019066003,504.55970854297084,149.61267749626626,128.79850622268907,527.6021764952385,518.8982551500618,0.0,1.0,0.0,1.0,0.0,1.0,421.97,420.463,68.15,63.310030000000005,350.78,355.70215,0.0,0.0,0.0
